,Timestamp,На якій кафедрі ви працюєте?,Скільки років ви викладаєте?,На скількох факультетах ви викладаєте на постійній основі?,Які дисципліни ви викладаєте?,Кількість ваших пар на тиждень в попередньому семестрі,"Кількість дисциплін, які ви викладали в попередньому семестрі",Чи працюєте ви ще десь крім викладання в КПІ? (неоплачуваня робота теж рахується),"Чи задоволені ви навчальними планами та іншими рекомендаціями від Міністерства освіти для дисциплін, які викладаєте?",У вас є готова навчальна програма?,Як часто ви готуєтеся до проведення навчальних занять?,Як ви готуєтеся до проведення навчальних занять?,"Як ви підвищуєте знання з дисциплін, які викладаєте?","Чи забезпечує вас кафедра (факультет), де ви працюєте, всім необхідним для роботи?",Чого саме вам не вистачає для роботи?,"Чи влаштовує вас рівень бюрократії, з яким ви стикаєтеся під час роботи?",Чи влаштовує вас рівень наукової діяльності в КПІ?,Що ваші студенти хочуть отримати від навчання?  ,Чи задоволені ви спілкуванням зі своїми студентами?,Чи задоволені ви спілкуванням з іншими викладачами?,Чи задоволені ви роботою в КПІ?,Чому ви працюєте в КПІ?,"Передайте привіт студентам, випускникам та викладачам КПІ",Що б ви змінили в цьому опитуванні?
0,2017/02/27 7:05:52 AM GMT+3,Пма,5,1,спеціальні дисципліни,до 4,1,"Так, це має відношення до дисциплін, які я викладаю",Повністю задоволений,Так,Завжди,"Збираю матеріали для лекцій, складаю практичні завдання","займаюся позакласною роботою з колегами та/або студентами;беру участь в семінарах, тренінгах та курсах як слухач",Частково забезпечує,---,"Щось влаштовує, щось ні","Мені байдуже, на цікавлюся науковою діяльністю",диплом - формальне підтвердження знань;відстрочку від армії,"Чимось задоволений, чимось ні","Чимось задоволений, чимось ні","Чимось задоволений, чимось ні",,,
1,2017/02/27 9:20:44 AM GMT+3,КУМЛК,5,2-3,дисципліни гуманітарного циклу,до 7,1,"Так, це має відношення до дисциплін, які я викладаю","Чимось задоволений, чимось ні",Так,Завжди,"Збираю матеріали для лекцій, складаю практичні завдання","працюю в цій галузі;доповідаю на семінарах, тренінгах та онлайн-курсах;беру участь в семінарах, тренінгах та курсах як слухач;пишу статті та інші матеріали;читаю фахові видання",Частково забезпечує,,Скоріше не влаштовує,Скоріше не влаштовує,диплом - формальне підтвердження знань;відстрочку від армії,Повністю задоволений,Скоріше задоволений,Скоріше задоволений,,,
2,2017/02/27 10:11:19 AM GMT+3,менеджменту,13,1,спеціальні дисципліни,до 13,2-3,"Так, але це не має відношення до дисциплін, які я викладаю","Чимось задоволений, чимось ні",Так,Часто,Інше,"займаюся позакласною роботою з колегами та/або студентами;доповідаю на семінарах, тренінгах та онлайн-курсах;беру участь в семінарах, тренінгах та курсах як слухач;пишу статті та інші матеріали",Частково забезпечує,"Я хочу не думати про комфортні умови і про те, як забезпечити хоча б мінімум необхідного, я хочу просто прийти, вставити флешку, а ще краще - приєднатися до системи через телефон чи планшет, і почати",Скоріше не влаштовує,Скоріше не влаштовує,знання для використання на роботі;диплом - формальне підтвердження знань;відстрочку від армії;можливість жити в гуртожитку,Скоріше задоволений,Скоріше задоволений,"Чимось задоволений, чимось ні",,"Вітання 1-му курсу кафедри менеджменту. Чудові студенти, одне задоволення працювати. Ну, і моїм дипломницям, мені на дипломників завжди щастило","Важко щось рекомендувати, але особисто я люблю провакаційні питання. Думаю, якщо викладач погодився на опитування, він буде достатньо відвертим, тому задавайте більш ""незручні"" питання"
3,2017/02/27 10:14:54 AM GMT+3,КіВРА,8,1,базові дисципліни молодших курсів;спеціальні дисципліни,до 7,2-3,Ні,Важко відповісти,"Є, але не для всіх предметів",Завжди,"Збираю матеріали для лекцій, складаю практичні завдання","займаюся позакласною роботою з колегами та/або студентами;беру участь в семінарах, тренінгах та курсах як слухач;пишу статті та інші матеріали;читаю фахові видання",Повністю забезпечує,,Скоріше не влаштовує,"Щось влаштовує, щось ні",знання для використання на роботі;диплом - формальне підтвердження знань;відстрочку від армії,Скоріше задоволений,Скоріше задоволений,Скоріше задоволений,,"Побажання для адміністрації: нове положення про освітній процес в КПІ могло бути більш адекватним, адже в даному вигляді воно скоріш сприяє зниженню рівня знань на техніних спеціальностях, ніж цого підвищенню.","Гарно було б, якби результати подібних опитувань хоч на щось впливали."
4,2017/02/27 10:25:46 AM GMT+3,ММЕС,23,1,базові дисципліни молодших курсів;спеціальні дисципліни,до 7,4-5,Ні,"Чимось задоволений, чимось ні",Так,Завжди,"Збираю матеріали для лекцій, складаю практичні завдання","займаюся позакласною роботою з колегами та/або студентами;беру участь в семінарах, тренінгах та курсах як слухач;пишу статті та інші матеріали;читаю фахові видання",Частково забезпечує,"Адекватных условий труда (тепла, нормального освещения, отремонтированых  туалетов и т.п.)",Скоріше не влаштовує,Скоріше влаштовує,знання для використання на роботі,Повністю задоволений,Скоріше задоволений,Скоріше задоволений,,,
5,2017/02/27 10:45:22 AM GMT+3,ПЗКС,1.5,1,базові дисципліни молодших курсів,до 7,2-3,"Так, це має відношення до дисциплін, які я викладаю","Чимось задоволений, чимось ні",Так,Часто,"Збираю матеріали для лекцій, складаю практичні завдання",працюю в цій галузі;читаю фахові видання,Не забезпечує,,Скоріше не влаштовує,Скоріше не влаштовує,знання для використання на роботі,Повністю задоволений,Скоріше задоволений,Скоріше задоволений,,,
6,2017/02/27 12:00:46 PM GMT+3,КіВРА,7,1,спеціальні дисципліни,до 7,2-3,"Так, це має відношення до дисциплін, які я викладаю","Чимось задоволений, чимось ні","Є, але не для всіх предметів",Часто,Іноді оновлюю готові матеріали,"працюю в цій галузі;беру участь в семінарах, тренінгах та курсах як слухач;пишу статті та інші матеріали",Частково забезпечує,Часу,Скоріше не влаштовує,"Щось влаштовує, щось ні",знання для використання на роботі;диплом - формальне підтвердження знань;відстрочку від армії,Скоріше задоволений,Скоріше задоволений,"Чимось задоволений, чимось ні",,,
7,2017/02/27 12:06:50 PM GMT+3,ІППІВ,4,2-3,дисципліни гуманітарного циклу,до 4,4-5,"Так, це має відношення до дисциплін, які я викладаю","Чимось задоволений, чимось ні",Так,Завжди,"Збираю матеріали для лекцій, складаю практичні завдання","доповідаю на семінарах, тренінгах та онлайн-курсах;беру участь в семінарах, тренінгах та курсах як слухач;пишу статті та інші матеріали;читаю фахові видання",Повністю забезпечує,,"Щось влаштовує, щось ні",Скоріше не влаштовує,знання для використання на роботі;диплом - формальне підтвердження знань,Скоріше задоволений,Повністю задоволений,"Чимось задоволений, чимось ні",,,
8,2017/02/27 1:20:23 PM GMT+3,Прикладноі гідроаеромеханіки та механотроніки,10,4-5,базові дисципліни молодших курсів,до 7,2-3,Ні,"Чимось задоволений, чимось ні",Так,Завжди,Іноді оновлюю готові матеріали,"займаюся позакласною роботою з колегами та/або студентами;доповідаю на семінарах, тренінгах та онлайн-курсах;пишу статті та інші матеріали;читаю фахові видання",Не забезпечує,Колег які віданно та з любов'ю відносятся до роботи.,Скоріше не влаштовує,"Щось влаштовує, щось ні",знання для використання на роботі;диплом - формальне підтвердження знань,Повністю задоволений,Повністю задоволений,Скоріше задоволений,,Дуже дякую своїм студентам яких навчаю і які вже закінчили КПІ. Ви не даєте нам старіти та деградувати. З вами завжди хочеться вдосконалюватись.,Все добре. Дякую.
9,2017/02/27 1:24:27 PM GMT+3,БМІ,6,1,базові дисципліни молодших курсів;спеціальні дисципліни,17 і більше,6 і більше,Ні,"Чимось задоволений, чимось ні","Є, але не для всіх предметів",Часто,"Збираю матеріали для лекцій, складаю практичні завдання","займаюся позакласною роботою з колегами та/або студентами;беру участь в семінарах, тренінгах та курсах як слухач;пишу статті та інші матеріали;читаю фахові видання",Частково забезпечує,Технічного забезпечення та фінансування науково-дослідної роботи,Скоріше не влаштовує,"Щось влаштовує, щось ні","знання для того, щоб займатися наукою;диплом - формальне підтвердження знань;можливість жити в гуртожитку","Чимось задоволений, чимось ні",Скоріше задоволений,Скоріше задоволений,,,
10,2017/02/27 1:24:43 PM GMT+3,МЕН,4,1,спеціальні дисципліни,до 7,2-3,Ні,Скоріше задоволений,Так,Часто,"Збираю матеріали для лекцій, складаю практичні завдання",працюю в цій галузі;пишу статті та інші матеріали;читаю фахові видання,Повністю забезпечує,,"Щось влаштовує, щось ні",Повністю влаштовує,"знання для того, щоб займатися наукою;знання для використання на роботі;диплом - формальне підтвердження знань",Скоріше задоволений,Скоріше задоволений,Повністю задоволений,,,
11,2017/02/27 1:34:28 PM GMT+3,КМ,20,2-3,спеціальні дисципліни,до 7,2-3,"Так, це має відношення до дисциплін, які я викладаю","Чимось задоволений, чимось ні",Так,Завжди,"Збираю матеріали для лекцій, складаю практичні завдання","працюю в цій галузі;займаюся позакласною роботою з колегами та/або студентами;беру участь в семінарах, тренінгах та курсах як слухач;пишу статті та інші матеріали;читаю фахові видання",Частково забезпечує,Комп'ютера та власне робочого (посадочного) місця,Скоріше влаштовує,Повністю влаштовує,знання для використання на роботі;диплом - формальне підтвердження знань,Скоріше задоволений,"Чимось задоволений, чимось ні",Скоріше задоволений,,,
12,2017/02/27 1:53:55 PM GMT+3,ПЗКС,15,1,базові дисципліни молодших курсів,до 4,1,"Так, це має відношення до дисциплін, які я викладаю","Чимось задоволений, чимось ні",Так,Часто,"Збираю матеріали для лекцій, складаю практичні завдання","працюю в цій галузі;беру участь в семінарах, тренінгах та курсах як слухач",Повністю забезпечує,,"Щось влаштовує, щось ні","Щось влаштовує, щось ні",знання для використання на роботі;диплом - формальне підтвердження знань;відстрочку від армії,Скоріше задоволений,Скоріше задоволений,Скоріше задоволений,,,
13,2017/02/27 2:52:44 PM GMT+3,ПМА,5,1,спеціальні дисципліни,до 13,2-3,"Так, але це не має відношення до дисциплін, які я викладаю","Чимось задоволений, чимось ні",Так,Завжди,"Збираю матеріали для лекцій, складаю практичні завдання","доповідаю на семінарах, тренінгах та онлайн-курсах;пишу статті та інші матеріали;читаю фахові видання",Не забезпечує,,Скоріше не влаштовує,Повністю не влаштовує,знання для використання на роботі;диплом - формальне підтвердження знань;відстрочку від армії,Скоріше задоволений,Повністю задоволений,Скоріше не задоволений,Важко відповісти,,
14,2017/02/27 3:14:01 PM GMT+3,ме,17,1,спеціальні дисципліни,до 4,2-3,Ні,"Чимось задоволений, чимось ні",Так,Завжди,"Збираю матеріали для лекцій, складаю практичні завдання","беру участь в семінарах, тренінгах та курсах як слухач;пишу статті та інші матеріали;читаю фахові видання",Частково забезпечує,Розеток в аудиторіях та мультимедійного комплексу,"Щось влаштовує, щось ні",Скоріше не влаштовує,знання для використання на роботі,Повністю задоволений,Повністю задоволений,Повністю задоволений,,Наші студенти найкращі! Вагомих здобутків та розвитку нашому університету!,"Розклад, опалення, безпеку, плагіат, корупцію"
15,2017/02/27 4:16:01 PM GMT+3,ОТ,10,2-3,базові дисципліни молодших курсів;спеціальні дисципліни;дисципліни гуманітарного циклу,до 17,2-3,"Так, але це не має відношення до дисциплін, які я викладаю",Повністю не задоволений,Так,Не готуюся,,не вдосконалюю рівень свої знань,Не забезпечує,"Не хватает бабла и адекватной программы, хуле",Скоріше не влаштовує,Скоріше не влаштовує,відстрочку від армії,Повністю не задоволений,Повністю не задоволений,Повністю не задоволений,Не можу знайти іншу роботу,"Ну короче, качество образования оставляет желать лучшего, кругом один барыги и наркоманы. Где моя селедка, епта?",Добавьте вопрос про унитаз с новой системой водоснабжения
16,2017/02/27 4:28:11 PM GMT+3,графіки,13,1,базові дисципліни молодших курсів,до 13,2-3,"Так, це має відношення до дисциплін, які я викладаю","Чимось задоволений, чимось ні",Так,Часто,"Збираю матеріали для лекцій, складаю практичні завдання",працюю в цій галузі,Частково забезпечує,,"Щось влаштовує, щось ні","Щось влаштовує, щось ні",знання для використання на роботі,Скоріше задоволений,"Чимось задоволений, чимось ні",Скоріше задоволений,,,
17,2017/02/27 4:37:40 PM GMT+3,ММЗІ,10,1,базові дисципліни молодших курсів;спеціальні дисципліни,до 13,4-5,"Так, це має відношення до дисциплін, які я викладаю",Скоріше задоволений,Так,Часто,"Збираю матеріали для лекцій, складаю практичні завдання","працюю в цій галузі;займаюся позакласною роботою з колегами та/або студентами;доповідаю на семінарах, тренінгах та онлайн-курсах;беру участь в семінарах, тренінгах та курсах як слухач;пишу статті та інші матеріали;читаю фахові видання",Частково забезпечує,"Ще годинок 20 у добі на сон :)

Якщо серйозно - не вистачає зручного сайту для централізації учбових матеріалів: кампус не зручний, сайти кафедр/інститутів тим більш не зручні, бо написані студентами на тяп-ляп на вордпресі, і як вишенка на торті - КПІшні сервери часто падають, тому воно ще й ненадійне.",Скоріше не влаштовує,Скоріше влаштовує,"знання для того, щоб займатися наукою;знання для використання на роботі;диплом - формальне підтвердження знань;відстрочку від армії;можливість жити в гуртожитку",Повністю задоволений,"Чимось задоволений, чимось ні",Скоріше задоволений,,"=^.^=
(угадайте, кто :))","Окрім питання, чого не вистачає викладачеві, було б ще непогано додати питання ""Що б ви хотіли змінити?"".
Бо, скажімо, я б хотів змінити формальні критерії оцінювання викладацької роботи (їх мені вистачає, але вони мене зовсім не влаштовують) або суто бюрократичні вимоги до оформлення курсів/прийому іспитів, або ... ну, тут довго можна перелічувати)"
18,2017/02/27 5:24:43 PM GMT+3,АСОІУ,1,1,базові дисципліни молодших курсів;спеціальні дисципліни,до 4,2-3,"Так, це має відношення до дисциплін, які я викладаю","Чимось задоволений, чимось ні",Так,Завжди,"Збираю матеріали для лекцій, складаю практичні завдання",працюю в цій галузі;читаю фахові видання,Частково забезпечує,Нормального інтернету,Скоріше не влаштовує,Повністю не влаштовує,знання для використання на роботі;диплом - формальне підтвердження знань;відстрочку від армії;можливість жити в гуртожитку,Скоріше задоволений,Скоріше не задоволений,Скоріше задоволений,,,
19,2017/02/27 7:14:45 PM GMT+3,КЕіП,24,1,базові дисципліни молодших курсів;спеціальні дисципліни,до 13,2-3,Ні,Скоріше задоволений,Так,Завжди,"Збираю матеріали для лекцій, складаю практичні завдання",пишу статті та інші матеріали;читаю фахові видання,Частково забезпечує,,Скоріше не влаштовує,Повністю влаштовує,знання для використання на роботі,Повністю задоволений,Повністю задоволений,Повністю задоволений,,"Всім успіхів, творчої наснаги!",В принципі все влаштовує
20,2017/02/27 7:23:16 PM GMT+3,ААЕ,11 рокiв,1,базові дисципліни молодших курсів,до 13,2-3,"Так, але це не має відношення до дисциплін, які я викладаю","Чимось задоволений, чимось ні","Є, але не для всіх предметів",Завжди,"Збираю матеріали для лекцій, складаю практичні завдання",пишу статті та інші матеріали;читаю фахові видання,Частково забезпечує,,Скоріше не влаштовує,Повністю не влаштовує,диплом - формальне підтвердження знань;відстрочку від армії;можливість жити в гуртожитку,"Чимось задоволений, чимось ні",Важко відповісти,Скоріше задоволений,,,
21,2017/02/27 8:28:20 PM GMT+3,ПМА,5,1,базові дисципліни молодших курсів,до 4,1,"Так, це має відношення до дисциплін, які я викладаю",Повністю не задоволений,"Є, але не для всіх предметів",Завжди,Іноді оновлюю готові матеріали,"працюю в цій галузі;беру участь в семінарах, тренінгах та курсах як слухач;читаю фахові видання",Частково забезпечує,"Системного адміністратора кафедральної мережі, який би працював повний день і виключно на цій посаді.",Скоріше не влаштовує,"Щось влаштовує, щось ні",знання для використання на роботі;диплом - формальне підтвердження знань,Скоріше задоволений,"Чимось задоволений, чимось ні",Скоріше не задоволений,"Ідейні засади (хочу вчити людей, щось змінити в системі освіти)",Contra spem spero,"Додав варіант ""Не задоволений"" до запитання про рівень бюрократії."
22,2017/02/27 8:36:05 PM GMT+3,КЕОА,12,1,базові дисципліни молодших курсів,до 7,2-3,"Так, це має відношення до дисциплін, які я викладаю","Чимось задоволений, чимось ні",Так,Часто,Іноді оновлюю готові матеріали,"працюю в цій галузі;беру участь в семінарах, тренінгах та курсах як слухач;пишу статті та інші матеріали;читаю фахові видання",Частково забезпечує,Годин,"Щось влаштовує, щось ні",Скоріше влаштовує,знання для використання на роботі;відстрочку від армії;можливість жити в гуртожитку,Скоріше задоволений,Скоріше задоволений,Скоріше задоволений,,Бажаю не стояти масці та розвиватись.,Додав би оцінку студентам.
23,2017/02/27 8:41:28 PM GMT+3,ІБ,9,1,спеціальні дисципліни,до 4,1,"Так, це має відношення до дисциплін, які я викладаю","Чимось задоволений, чимось ні",Ні,Завжди,Іноді оновлюю готові матеріали,"працюю в цій галузі;беру участь в семінарах, тренінгах та курсах як слухач;читаю фахові видання",Частково забезпечує,Зацікавленості студентів,"Щось влаштовує, щось ні",Скоріше не влаштовує,диплом - формальне підтвердження знань;відстрочку від армії;можливість жити в гуртожитку,Скоріше не задоволений,Скоріше задоволений,Скоріше задоволений,,На жаль зменшується навантаження по фізиці та математиці ;),
24,2017/02/27 8:56:25 PM GMT+3,ММСА,3,1,базові дисципліни молодших курсів,до 7,2-3,"Так, це має відношення до дисциплін, які я викладаю","Чимось задоволений, чимось ні","Є, але не для всіх предметів",Часто,"Збираю матеріали для лекцій, складаю практичні завдання","працюю в цій галузі;займаюся позакласною роботою з колегами та/або студентами;доповідаю на семінарах, тренінгах та онлайн-курсах;беру участь в семінарах, тренінгах та курсах як слухач;читаю фахові видання",Частково забезпечує,,"Щось влаштовує, щось ні",Скоріше не влаштовує,"знання для того, щоб займатися наукою;знання для використання на роботі",Скоріше задоволений,"Чимось задоволений, чимось ні",Скоріше задоволений,,,
25,2017/02/27 9:09:31 PM GMT+3,ТК,5,1,спеціальні дисципліни,до 7,2-3,"Так, але це не має відношення до дисциплін, які я викладаю","Чимось задоволений, чимось ні",Так,Завжди,"Збираю матеріали для лекцій, складаю практичні завдання",пишу статті та інші матеріали,Частково забезпечує,,"Щось влаштовує, щось ні","Щось влаштовує, щось ні",знання для використання на роботі;диплом - формальне підтвердження знань,Скоріше задоволений,Скоріше задоволений,Скоріше задоволений,,,
26,2017/02/27 9:29:03 PM GMT+3,БМІ,3,1,спеціальні дисципліни,до 7,2-3,"Так, але це не має відношення до дисциплін, які я викладаю","Чимось задоволений, чимось ні",Так,Завжди,"Збираю матеріали для лекцій, складаю практичні завдання",працюю в цій галузі;пишу статті та інші матеріали;читаю фахові видання,Частково забезпечує,,"Щось влаштовує, щось ні",Скоріше влаштовує,"знання для того, щоб займатися наукою;знання для використання на роботі",Скоріше задоволений,"Чимось задоволений, чимось ні",Скоріше задоволений,,,
27,2017/02/27 10:09:46 PM GMT+3,ммса,17,1,базові дисципліни молодших курсів,до 13,2-3,Ні,"Чимось задоволений, чимось ні","Є, але не для всіх предметів",Завжди,Іноді оновлюю готові матеріали,займаюся позакласною роботою з колегами та/або студентами,Важко відповісти,,Скоріше не влаштовує,Важко відповісти,знання для використання на роботі;диплом - формальне підтвердження знань;відстрочку від армії;можливість жити в гуртожитку,Скоріше задоволений,Скоріше задоволений,Скоріше задоволений,,,
28,2017/02/27 10:19:05 PM GMT+3,РТПС,31,2-3,спеціальні дисципліни,до 13,2-3,"Так, але це не має відношення до дисциплін, які я викладаю","Чимось задоволений, чимось ні",Так,Завжди,"Збираю матеріали для лекцій, складаю практичні завдання","займаюся позакласною роботою з колегами та/або студентами;доповідаю на семінарах, тренінгах та онлайн-курсах;пишу статті та інші матеріали",Частково забезпечує,,Скоріше не влаштовує,Скоріше не влаштовує,знання для використання на роботі,Повністю задоволений,Повністю задоволений,Скоріше задоволений,,,
29,2017/02/27 10:20:55 PM GMT+3,ІБ,3,1,базові дисципліни молодших курсів;спеціальні дисципліни,до 7,2-3,Ні,Скоріше задоволений,Так,Завжди,"Збираю матеріали для лекцій, складаю практичні завдання","беру участь в семінарах, тренінгах та курсах як слухач;читаю фахові видання",Частково забезпечує,,"Щось влаштовує, щось ні","Щось влаштовує, щось ні",знання для використання на роботі;диплом - формальне підтвердження знань,Повністю задоволений,Повністю задоволений,Повністю задоволений,,,
30,2017/02/27 10:33:06 PM GMT+3,ММСА,17,1,базові дисципліни молодших курсів,до 13,2-3,Ні,"Чимось задоволений, чимось ні","Є, але не для всіх предметів",Завжди,Іноді оновлюю готові матеріали,займаюся позакласною роботою з колегами та/або студентами,Частково забезпечує,,Скоріше не влаштовує,Важко відповісти,знання для використання на роботі;диплом - формальне підтвердження знань;відстрочку від армії;можливість жити в гуртожитку,Скоріше задоволений,Скоріше задоволений,Скоріше задоволений,,,
31,2017/02/27 10:38:17 PM GMT+3,ММСА,17,1,базові дисципліни молодших курсів,до 13,2-3,Ні,"Чимось задоволений, чимось ні","Є, але не для всіх предметів",Завжди,Іноді оновлюю готові матеріали,займаюся позакласною роботою з колегами та/або студентами,Повністю забезпечує,,Скоріше не влаштовує,Важко відповісти,знання для використання на роботі;диплом - формальне підтвердження знань;відстрочку від армії;можливість жити в гуртожитку,Скоріше задоволений,Скоріше задоволений,Скоріше задоволений,,,
32,2017/02/27 10:41:57 PM GMT+3,ХПСМ,4,2-3,спеціальні дисципліни,до 7,2-3,"Так, це має відношення до дисциплін, які я викладаю",Повністю задоволений,Так,Завжди,"Збираю матеріали для лекцій, складаю практичні завдання",працюю в цій галузі;пишу статті та інші матеріали;читаю фахові видання,Частково забезпечує,финансування,Скоріше не влаштовує,Скоріше влаштовує,знання для використання на роботі,Повністю задоволений,Повністю задоволений,Повністю задоволений,,,
33,2017/02/27 11:17:05 PM GMT+3,КАМГС 3,2,1,дисципліни гуманітарного циклу,до 13,4-5,"Так, це має відношення до дисциплін, які я викладаю",Повністю не задоволений,Так,Завжди,Інше,"працюю в цій галузі;доповідаю на семінарах, тренінгах та онлайн-курсах;беру участь в семінарах, тренінгах та курсах як слухач",Не забезпечує,Нормальних умов. Свободи дій. Постійного інтернету. Облаштованих аудиторій,Скоріше не влаштовує,Скоріше не влаштовує,диплом - формальне підтвердження знань;можливість жити в гуртожитку,Повністю задоволений,Скоріше задоволений,"Чимось задоволений, чимось ні",,,"Можливість не просто обирати а ставити рейтинг...
Додала б питання більш уточнюючі"
34,2017/02/27 11:20:37 PM GMT+3,МТ,7,1,базові дисципліни молодших курсів,до 7,2-3,Ні,"Чимось задоволений, чимось ні",Так,Часто,Іноді оновлюю готові матеріали,займаюся позакласною роботою з колегами та/або студентами;пишу статті та інші матеріали;читаю фахові видання,Частково забезпечує,,"Щось влаштовує, щось ні","Щось влаштовує, щось ні",знання для використання на роботі;диплом - формальне підтвердження знань,Скоріше задоволений,Скоріше задоволений,Скоріше задоволений,,,
35,2017/02/27 11:52:02 PM GMT+3,ПФ,15,1,спеціальні дисципліни,до 4,2-3,"Так, це має відношення до дисциплін, які я викладаю","Чимось задоволений, чимось ні",Так,Завжди,Іноді оновлюю готові матеріали,"працюю в цій галузі;доповідаю на семінарах, тренінгах та онлайн-курсах;пишу статті та інші матеріали;читаю фахові видання",Повністю забезпечує,,Скоріше не влаштовує,Скоріше не влаштовує,"знання для того, щоб займатися наукою;знання для використання на роботі",Скоріше задоволений,Скоріше задоволений,"Чимось задоволений, чимось ні",,,
36,2017/02/28 12:02:18 AM GMT+3,ТОР,10,1,базові дисципліни молодших курсів,до 7,1,"Так, але це не має відношення до дисциплін, які я викладаю","Чимось задоволений, чимось ні",Так,Завжди,"Збираю матеріали для лекцій, складаю практичні завдання",займаюся позакласною роботою з колегами та/або студентами;читаю фахові видання,Повністю забезпечує,,Скоріше не влаштовує,Скоріше влаштовує,знання для використання на роботі;диплом - формальне підтвердження знань,Повністю задоволений,Повністю задоволений,Скоріше задоволений,,,
37,2017/02/28 12:12:07 AM GMT+3,ОТ,15,2-3,базові дисципліни молодших курсів,до 13,2-3,"Так, це має відношення до дисциплін, які я викладаю",Повністю не задоволений,Ні,Не готуюся,,працюю в цій галузі;не вдосконалюю рівень свої знань,Частково забезпечує,,Скоріше не влаштовує,"Мені байдуже, на цікавлюся науковою діяльністю",диплом - формальне підтвердження знань;відстрочку від армії;можливість жити в гуртожитку,Скоріше не задоволений,"Чимось задоволений, чимось ні",Скоріше не задоволений,Не можу знайти іншу роботу,,
38,2017/02/28 12:38:50 AM GMT+3,от,2,2-3,спеціальні дисципліни;дисципліни гуманітарного циклу,до 7,4-5,"Так, це має відношення до дисциплін, які я викладаю",Важко відповісти,Так,Інколи,"Збираю матеріали для лекцій, складаю практичні завдання","працюю в цій галузі;займаюся позакласною роботою з колегами та/або студентами;доповідаю на семінарах, тренінгах та онлайн-курсах;беру участь в семінарах, тренінгах та курсах як слухач;пишу статті та інші матеріали",Частково забезпечує,потужного ноутбука,Не стикався з бюрократією під час роботи,"Щось влаштовує, щось ні","знання для того, щоб займатися наукою;знання для використання на роботі;диплом - формальне підтвердження знань",Повністю задоволений,Скоріше задоволений,Скоріше задоволений,,"Передаю привіт Сапсаю Леоніду та Горбатюку Олександру , ТР-52 другий курс",
39,2017/02/28 12:52:46 AM GMT+3,РТПС,9,1,спеціальні дисципліни,до 7,1,"Так, це має відношення до дисциплін, які я викладаю",Скоріше задоволений,Так,Часто,"Збираю матеріали для лекцій, складаю практичні завдання",працюю в цій галузі;читаю фахові видання,Частково забезпечує,,Скоріше не влаштовує,"Щось влаштовує, щось ні",знання для використання на роботі,Скоріше задоволений,Скоріше задоволений,"Чимось задоволений, чимось ні",,,
40,2017/02/28 1:31:53 AM GMT+3,Філософії,4,2-3,дисципліни гуманітарного циклу,до 4,2-3,"Так, але це не має відношення до дисциплін, які я викладаю","Чимось задоволений, чимось ні","Є, але не для всіх предметів",Завжди,"Збираю матеріали для лекцій, складаю практичні завдання","займаюся позакласною роботою з колегами та/або студентами;доповідаю на семінарах, тренінгах та онлайн-курсах;беру участь в семінарах, тренінгах та курсах як слухач;пишу статті та інші матеріали;читаю фахові видання",Частково забезпечує,"Теплих аудиторій, обладнання, канцелярського приладдя (ватмани,маркери) і гарної зарплати)))",Скоріше не влаштовує,"Щось влаштовує, щось ні","знання для того, щоб займатися наукою;знання для використання на роботі;диплом - формальне підтвердження знань",Повністю задоволений,"Чимось задоволений, чимось ні","Чимось задоволений, чимось ні",,"Хочу подякувати своїм студентам, які кожного разу мене дивують і мотивують надалі вдосконалювати свою діяльність",
41,2017/02/28 1:40:43 AM GMT+3,БМК,1 рік,1,спеціальні дисципліни,до 4,1,"Так, це має відношення до дисциплін, які я викладаю",Повністю не задоволений,"Є, але не для всіх предметів",Часто,"Збираю матеріали для лекцій, складаю практичні завдання",працюю в цій галузі;читаю фахові видання,Не забезпечує,,"Щось влаштовує, щось ні","Щось влаштовує, щось ні","знання для того, щоб займатися наукою;знання для використання на роботі",Повністю задоволений,Повністю задоволений,Повністю задоволений,,,
42,2017/02/28 2:12:03 AM GMT+3,Філософії,6,2-3,дисципліни гуманітарного циклу,до 13,2-3,"Так, але це не має відношення до дисциплін, які я викладаю","Чимось задоволений, чимось ні",Так,Завжди,"Збираю матеріали для лекцій, складаю практичні завдання","працюю в цій галузі;займаюся позакласною роботою з колегами та/або студентами;доповідаю на семінарах, тренінгах та онлайн-курсах;беру участь в семінарах, тренінгах та курсах як слухач;пишу статті та інші матеріали;читаю фахові видання",Частково забезпечує,,Скоріше не влаштовує,"Щось влаштовує, щось ні",знання для використання на роботі,Повністю задоволений,Скоріше задоволений,"Чимось задоволений, чимось ні",,,
43,2017/02/28 2:24:17 AM GMT+3,філософія,8 років,4-5,дисципліни гуманітарного циклу,до 4,2-3,"Так, але це не має відношення до дисциплін, які я викладаю",Важко відповісти,Так,Часто,"Збираю матеріали для лекцій, складаю практичні завдання","працюю в цій галузі;займаюся позакласною роботою з колегами та/або студентами;доповідаю на семінарах, тренінгах та онлайн-курсах;беру участь в семінарах, тренінгах та курсах як слухач;пишу статті та інші матеріали;читаю фахові видання",Повністю забезпечує,,Скоріше не влаштовує,Скоріше влаштовує,знання для використання на роботі;диплом - формальне підтвердження знань,Повністю задоволений,Скоріше задоволений,Скоріше задоволений,,:-),
44,2017/02/28 8:25:46 AM GMT+3,АГП,12,1,спеціальні дисципліни,до 7,2-3,"Так, це має відношення до дисциплін, які я викладаю",Важко відповісти,Так,Часто,"Збираю матеріали для лекцій, складаю практичні завдання","працюю в цій галузі;займаюся позакласною роботою з колегами та/або студентами;доповідаю на семінарах, тренінгах та онлайн-курсах;беру участь в семінарах, тренінгах та курсах як слухач;пишу статті та інші матеріали;читаю фахові видання",Частково забезпечує,,"Щось влаштовує, щось ні",Скоріше влаштовує,знання для використання на роботі;диплом - формальне підтвердження знань,Скоріше задоволений,"Чимось задоволений, чимось ні",Скоріше задоволений,,,
45,2017/02/28 8:25:56 AM GMT+3,ММСА,17,1,базові дисципліни молодших курсів,до 13,2-3,Ні,"Чимось задоволений, чимось ні","Є, але не для всіх предметів",Завжди,Іноді оновлюю готові матеріали,займаюся позакласною роботою з колегами та/або студентами,Повністю забезпечує,,Скоріше не влаштовує,Важко відповісти,знання для використання на роботі;диплом - формальне підтвердження знань;відстрочку від армії;можливість жити в гуртожитку,Скоріше задоволений,Скоріше задоволений,Скоріше задоволений,,,
46,2017/02/28 10:04:20 AM GMT+3,КЕОА,2,1,спеціальні дисципліни,до 4,1,"Так, але це не має відношення до дисциплін, які я викладаю","Чимось задоволений, чимось ні",Так,Інколи,Іноді оновлюю готові матеріали,пишу статті та інші матеріали;читаю фахові видання,Частково забезпечує,Більше цікавості в очах студентів,Скоріше не влаштовує,Скоріше не влаштовує,диплом - формальне підтвердження знань;відстрочку від армії;можливість жити в гуртожитку,"Чимось задоволений, чимось ні",Скоріше задоволений,"Чимось задоволений, чимось ні",,Make KPI great again!,Вибір кафедри з випадаючого списку
47,2017/02/28 11:09:43 AM GMT+3,лтфт,14,1,спеціальні дисципліни,до 7,2-3,"Так, це має відношення до дисциплін, які я викладаю","Чимось задоволений, чимось ні",Так,Завжди,"Збираю матеріали для лекцій, складаю практичні завдання",працюю в цій галузі;пишу статті та інші матеріали;читаю фахові видання,Частково забезпечує,,Скоріше не влаштовує,"Щось влаштовує, щось ні","знання для того, щоб займатися наукою;знання для використання на роботі",Повністю задоволений,Скоріше задоволений,Повністю задоволений,,,
48,2017/02/28 11:26:53 AM GMT+3,АХВ,10,1,спеціальні дисципліни,до 7,2-3,Ні,"Чимось задоволений, чимось ні",Так,Завжди,"Збираю матеріали для лекцій, складаю практичні завдання","займаюся позакласною роботою з колегами та/або студентами;доповідаю на семінарах, тренінгах та онлайн-курсах;пишу статті та інші матеріали;читаю фахові видання",Повністю забезпечує,,"Щось влаштовує, щось ні",Скоріше влаштовує,знання для використання на роботі,Повністю задоволений,Повністю задоволений,Повністю задоволений,,,
49,2017/02/28 11:28:44 AM GMT+3,ТПВ,8,1,базові дисципліни молодших курсів,до 7,2-3,"Так, але це не має відношення до дисциплін, які я викладаю","Чимось задоволений, чимось ні",Так,Часто,"Збираю матеріали для лекцій, складаю практичні завдання",читаю фахові видання,Частково забезпечує,ЗП,Скоріше влаштовує,Важко відповісти,знання для використання на роботі;диплом - формальне підтвердження знань,Скоріше задоволений,"Чимось задоволений, чимось ні","Чимось задоволений, чимось ні",,,
50,2017/02/28 11:46:31 AM GMT+3,ОТ,5,2-3,спеціальні дисципліни,до 7,4-5,"Так, але це не має відношення до дисциплін, які я викладаю",Повністю не задоволений,"Є, але не для всіх предметів",Завжди,Іноді оновлюю готові матеріали,"доповідаю на семінарах, тренінгах та онлайн-курсах;беру участь в семінарах, тренінгах та курсах як слухач;читаю фахові видання",Повністю забезпечує,,Не стикався з бюрократією під час роботи,Повністю влаштовує,диплом - формальне підтвердження знань,Повністю не задоволений,Повністю не задоволений,"Чимось задоволений, чимось ні",,,
51,2017/02/28 12:12:19 PM GMT+3,Історія,5 років,4-5,дисципліни гуманітарного циклу,до 7,2-3,"Так, але це не має відношення до дисциплін, які я викладаю",Повністю не задоволений,Ні,Часто,Іноді оновлюю готові матеріали,"беру участь в семінарах, тренінгах та курсах як слухач;пишу статті та інші матеріали",Частково забезпечує,Можливостей для більш творчого підходу; розділення груп на меншу кількість студентів (33 для семінару з гуманітарної дисципліни забагато).,"Щось влаштовує, щось ні",Скоріше влаштовує,знання для використання на роботі;диплом - формальне підтвердження знань,Скоріше задоволений,"Чимось задоволений, чимось ні",Скоріше задоволений,,,
52,2017/02/28 12:54:48 PM GMT+3,ТК,8,1,спеціальні дисципліни,до 4,1,Ні,"Чимось задоволений, чимось ні",Так,Завжди,"Збираю матеріали для лекцій, складаю практичні завдання","беру участь в семінарах, тренінгах та курсах як слухач;пишу статті та інші матеріали",Повністю забезпечує,,"Щось влаштовує, щось ні","Щось влаштовує, щось ні",знання для використання на роботі;диплом - формальне підтвердження знань,Повністю задоволений,Скоріше задоволений,Скоріше задоволений,,,
53,2017/02/28 12:57:19 PM GMT+3,ПМ,3,1,спеціальні дисципліни,до 4,1,"Так, це має відношення до дисциплін, які я викладаю",Скоріше задоволений,Так,Завжди,"Збираю матеріали для лекцій, складаю практичні завдання","працюю в цій галузі;займаюся позакласною роботою з колегами та/або студентами;доповідаю на семінарах, тренінгах та онлайн-курсах;пишу статті та інші матеріали;читаю фахові видання",Повністю забезпечує,,Повністю влаштовує,Скоріше влаштовує,знання для використання на роботі;диплом - формальне підтвердження знань;відстрочку від армії;можливість жити в гуртожитку,Скоріше задоволений,Повністю задоволений,Скоріше задоволений,,,
54,2017/02/28 1:25:33 PM GMT+3,Кф,7,1,дисципліни гуманітарного циклу,до 4,1,"Так, але це не має відношення до дисциплін, які я викладаю","Чимось задоволений, чимось ні",Так,Завжди,"Збираю матеріали для лекцій, складаю практичні завдання","беру участь в семінарах, тренінгах та курсах як слухач;пишу статті та інші матеріали;читаю фахові видання",Частково забезпечує,,"Щось влаштовує, щось ні","Щось влаштовує, щось ні",знання для використання на роботі,Скоріше задоволений,Скоріше задоволений,"Чимось задоволений, чимось ні",,,
55,2017/02/28 2:01:15 PM GMT+3,пскла,3,1,базові дисципліни молодших курсів;спеціальні дисципліни,до 7,2-3,"Так, це має відношення до дисциплін, які я викладаю","Чимось задоволений, чимось ні",Ні,Завжди,"Збираю матеріали для лекцій, складаю практичні завдання","працюю в цій галузі;займаюся позакласною роботою з колегами та/або студентами;доповідаю на семінарах, тренінгах та онлайн-курсах;беру участь в семінарах, тренінгах та курсах як слухач;пишу статті та інші матеріали;читаю фахові видання",Не забезпечує,,Скоріше не влаштовує,Повністю не влаштовує,знання для використання на роботі;диплом - формальне підтвердження знань;відстрочку від армії,Скоріше задоволений,Скоріше задоволений,Повністю не задоволений,Хочу отримати науковий ступінь,,
56,2017/02/28 2:17:34 PM GMT+3,кафедра телекомунікацій,10 років,1,базові дисципліни молодших курсів,до 7,1,Ні,"Чимось задоволений, чимось ні",Так,Завжди,"Збираю матеріали для лекцій, складаю практичні завдання","займаюся позакласною роботою з колегами та/або студентами;беру участь в семінарах, тренінгах та курсах як слухач;читаю фахові видання",Повністю забезпечує,,"Щось влаштовує, щось ні",Повністю влаштовує,"знання для того, щоб займатися наукою;знання для використання на роботі",Повністю задоволений,Скоріше задоволений,Повністю задоволений,,,
57,2017/02/28 2:37:22 PM GMT+3,КіВРА,1,1,спеціальні дисципліни,до 7,2-3,"Так, це має відношення до дисциплін, які я викладаю",Скоріше задоволений,Так,Завжди,"Збираю матеріали для лекцій, складаю практичні завдання",працюю в цій галузі;займаюся позакласною роботою з колегами та/або студентами;читаю фахові видання,Частково забезпечує,Технічного забезпечення,Скоріше не влаштовує,"Щось влаштовує, щось ні",знання для використання на роботі;диплом - формальне підтвердження знань;відстрочку від армії,Скоріше задоволений,Скоріше задоволений,"Чимось задоволений, чимось ні",,,
58,2017/02/28 6:16:32 PM GMT+3,КАМСГ3,2,2-3,дисципліни гуманітарного циклу,до 13,2-3,"Так, це має відношення до дисциплін, які я викладаю","Чимось задоволений, чимось ні",Так,Завжди,Інше,,Повністю забезпечує,,"Щось влаштовує, щось ні",Повністю влаштовує,знання для використання на роботі,Скоріше задоволений,Скоріше задоволений,Скоріше задоволений,,,
59,2017/02/28 7:04:39 PM GMT+3,ВСтР,5 років,1,спеціальні дисципліни,до 7,4-5,Ні,"Чимось задоволений, чимось ні",Так,Завжди,"Збираю матеріали для лекцій, складаю практичні завдання",працюю в цій галузі;займаюся позакласною роботою з колегами та/або студентами;читаю фахові видання,Частково забезпечує,,Скоріше не влаштовує,"Щось влаштовує, щось ні",знання для використання на роботі;диплом - формальне підтвердження знань,Повністю задоволений,Повністю задоволений,Скоріше задоволений,,,
60,2017/02/28 7:23:03 PM GMT+3,от,5,2-3,спеціальні дисципліни,до 13,2-3,"Так, це має відношення до дисциплін, які я викладаю","Чимось задоволений, чимось ні",Так,Часто,"Збираю матеріали для лекцій, складаю практичні завдання",працюю в цій галузі;пишу статті та інші матеріали;читаю фахові видання,Частково забезпечує,,"Щось влаштовує, щось ні",Скоріше влаштовує,"знання для того, щоб займатися наукою;знання для використання на роботі;диплом - формальне підтвердження знань;відстрочку від армії;можливість жити в гуртожитку",Скоріше задоволений,Повністю задоволений,Скоріше задоволений,,,
61,2017/02/28 8:23:58 PM GMT+3,ММЗІ,2,1,базові дисципліни молодших курсів;спеціальні дисципліни,до 7,1,"Так, це має відношення до дисциплін, які я викладаю","Чимось задоволений, чимось ні",Так,Завжди,"Збираю матеріали для лекцій, складаю практичні завдання",займаюся позакласною роботою з колегами та/або студентами,Повністю забезпечує,,Не стикався з бюрократією під час роботи,"Щось влаштовує, щось ні","знання для того, щоб займатися наукою;знання для використання на роботі",Повністю задоволений,Повністю задоволений,Скоріше задоволений,,"Дякую кафедрі ММЗІ за відкриті можливості і сприяння в роботі.
Сенсей – без Вас нічого б не вийшло)
ФІ-5*, ФІ-6* – ви найкращі:)","Чи задоволений викладач базовим рівнем підготовки студентів?
Як викладач оцінює заліковий (екзаменаційний) рівень знань студентів після його курсу?
Яи викладач оцінює зацікавленість студентів його предметом? (Потім можно порівняти з відповідями студентів)"
62,2017/02/28 8:32:58 PM GMT+3,ТЕ,1,2-3,базові дисципліни молодших курсів,до 7,1,"Так, але це не має відношення до дисциплін, які я викладаю","Чимось задоволений, чимось ні",Ні,Інколи,Іноді оновлюю готові матеріали,пишу статті та інші матеріали;читаю фахові видання,Частково забезпечує,Матеріального та морального стимулу,Скоріше не влаштовує,"Щось влаштовує, щось ні",знання для використання на роботі;диплом - формальне підтвердження знань,Скоріше задоволений,Скоріше задоволений,Скоріше задоволений,,,
63,2017/02/28 8:58:02 PM GMT+3,ММЗИ,3,1,спеціальні дисципліни,до 4,1,"Так, це має відношення до дисциплін, які я викладаю","Чимось задоволений, чимось ні",Так,Завжди,Інше,"працюю в цій галузі;беру участь в семінарах, тренінгах та курсах як слухач;читаю фахові видання",Повністю забезпечує,,Скоріше не влаштовує,"Щось влаштовує, щось ні",знання для використання на роботі;диплом - формальне підтвердження знань,Скоріше задоволений,Скоріше задоволений,Скоріше не задоволений,"Ідейні засади (хочу вчити людей, щось змінити в системі освіти)",,
64,2017/02/28 9:40:36 PM GMT+3,ПБ,20,4-5,дисципліни гуманітарного циклу,до 7,2-3,Ні,"Чимось задоволений, чимось ні","Є, але не для всіх предметів",Завжди,Іноді оновлюю готові матеріали,читаю фахові видання,Частково забезпечує,,Важко відповісти,"Щось влаштовує, щось ні",знання для використання на роботі;диплом - формальне підтвердження знань;відстрочку від армії;можливість жити в гуртожитку,Скоріше задоволений,Повністю задоволений,Скоріше задоволений,,,
65,2017/02/28 9:46:38 PM GMT+3,ММСА,17,1,базові дисципліни молодших курсів,до 13,2-3,Ні,"Чимось задоволений, чимось ні","Є, але не для всіх предметів",Завжди,Іноді оновлюю готові матеріали,займаюся позакласною роботою з колегами та/або студентами,Повністю забезпечує,,Скоріше не влаштовує,Важко відповісти,знання для використання на роботі;диплом - формальне підтвердження знань;відстрочку від армії;можливість жити в гуртожитку,Скоріше задоволений,Скоріше задоволений,Скоріше задоволений,,,
66,2017/02/28 9:59:52 PM GMT+3,РОС,5,1,базові дисципліни молодших курсів;спеціальні дисципліни,до 4,2-3,Ні,"Чимось задоволений, чимось ні",Так,Завжди,"Збираю матеріали для лекцій, складаю практичні завдання","займаюся позакласною роботою з колегами та/або студентами;доповідаю на семінарах, тренінгах та онлайн-курсах;беру участь в семінарах, тренінгах та курсах як слухач;читаю фахові видання",Повністю забезпечує,,Скоріше не влаштовує,Скоріше влаштовує,знання для використання на роботі;диплом - формальне підтвердження знань;відстрочку від армії,Скоріше задоволений,Скоріше задоволений,Скоріше задоволений,,,
67,2017/02/28 10:16:41 PM GMT+3,ТК,5,1,спеціальні дисципліни,до 4,2-3,"Так, це має відношення до дисциплін, які я викладаю",Важко відповісти,Так,Часто,"Збираю матеріали для лекцій, складаю практичні завдання",працюю в цій галузі,Повністю забезпечує,,Важко відповісти,Важко відповісти,,Скоріше задоволений,Повністю задоволений,Скоріше задоволений,,,
68,2017/02/28 10:22:09 PM GMT+3,ывфа,,,,,,,,,,,,,,,,,,,,,,
69,2017/02/28 10:23:58 PM GMT+3,фыва,,,,,,,,,,,,,,,,,,,,,,
70,2017/02/28 10:47:26 PM GMT+3,ртпс,2,1,спеціальні дисципліни,до 4,1,"Так, це має відношення до дисциплін, які я викладаю","Чимось задоволений, чимось ні",Так,Часто,"Збираю матеріали для лекцій, складаю практичні завдання","займаюся позакласною роботою з колегами та/або студентами;беру участь в семінарах, тренінгах та курсах як слухач;пишу статті та інші матеріали;читаю фахові видання",Частково забезпечує,Оновленої матеріальної бази. Сучасних класів.,Скоріше не влаштовує,Скоріше влаштовує,знання для використання на роботі;диплом - формальне підтвердження знань,Повністю задоволений,Повністю задоволений,"Чимось задоволений, чимось ні",,Дякую всім!  Зробімо цей світ кращим!,
71,2017/03/01 12:07:21 AM GMT+3,ПМА,19,1,базові дисципліни молодших курсів,до 13,4-5,"Так, але це не має відношення до дисциплін, які я викладаю","Чимось задоволений, чимось ні",Так,Часто,Іноді оновлюю готові матеріали,пишу статті та інші матеріали;читаю фахові видання,Частково забезпечує,,Скоріше не влаштовує,Скоріше не влаштовує,знання для використання на роботі;диплом - формальне підтвердження знань;відстрочку від армії;можливість жити в гуртожитку,Скоріше задоволений,Скоріше задоволений,Скоріше задоволений,,,
72,2017/03/01 1:27:34 AM GMT+3,ХПСМ,4,2-3,спеціальні дисципліни,до 7,2-3,"Так, але це не має відношення до дисциплін, які я викладаю","Чимось задоволений, чимось ні","Є, але не для всіх предметів",Інколи,"Збираю матеріали для лекцій, складаю практичні завдання",пишу статті та інші матеріали;читаю фахові видання,Повністю забезпечує,,Скоріше влаштовує,Повністю влаштовує,знання для використання на роботі;диплом - формальне підтвердження знань,Скоріше задоволений,Повністю задоволений,Повністю задоволений,,,
73,2017/03/01 1:52:05 AM GMT+3,ММСА,11,1,базові дисципліни молодших курсів;спеціальні дисципліни,до 13,4-5,"Так, це має відношення до дисциплін, які я викладаю","Чимось задоволений, чимось ні","Є, але не для всіх предметів",Часто,"Збираю матеріали для лекцій, складаю практичні завдання","працюю в цій галузі;займаюся позакласною роботою з колегами та/або студентами;беру участь в семінарах, тренінгах та курсах як слухач;читаю фахові видання",Частково забезпечує,Часу - най цінніший ресурс,Скоріше влаштовує,Скоріше влаштовує,"знання для того, щоб займатися наукою;знання для використання на роботі",Скоріше задоволений,Повністю задоволений,Повністю задоволений,,"Хочу подякувати всім і бажаю успіхів у роботі, навчанні, тощо ...",Не думав про це
74,2017/03/01 1:52:35 AM GMT+3,Філософії,15,2-3,дисципліни гуманітарного циклу,до 13,2-3,"Так, це має відношення до дисциплін, які я викладаю",Повністю не задоволений,Так,Завжди,"Збираю матеріали для лекцій, складаю практичні завдання","працюю в цій галузі;займаюся позакласною роботою з колегами та/або студентами;доповідаю на семінарах, тренінгах та онлайн-курсах;беру участь в семінарах, тренінгах та курсах як слухач;пишу статті та інші матеріали;читаю фахові видання",Частково забезпечує,"Дзвінків на початок пар та перерву.
Методистів, які б переводили педагогічну та наукову діяльність у бюрократію.
Постійного оплаченого реального доступу до Інтернету.",Скоріше не влаштовує,"Щось влаштовує, щось ні",знання для використання на роботі;диплом - формальне підтвердження знань;відстрочку від армії,Повністю задоволений,Скоріше задоволений,Скоріше задоволений,,ФЕЛ 2 курс та ММІ 4 курс - чудові!! ФСП - поза конкурсом!!!,Що Вам заважає у роботі?
75,2017/03/01 8:31:01 AM GMT+3,СП,1,1,спеціальні дисципліни,до 4,2-3,"Так, це має відношення до дисциплін, які я викладаю",Важко відповісти,"Є, але не для всіх предметів",Завжди,"Збираю матеріали для лекцій, складаю практичні завдання","працюю в цій галузі;беру участь в семінарах, тренінгах та курсах як слухач;пишу статті та інші матеріали;читаю фахові видання",Важко відповісти,,Скоріше влаштовує,"Щось влаштовує, щось ні",,Важко відповісти,Важко відповісти,Важко відповісти,Важко відповісти,,
76,2017/03/01 9:03:52 AM GMT+3,Кафедра історії,15,4-5,дисципліни гуманітарного циклу,до 7,2-3,Ні,Повністю не задоволений,"Є, але не для всіх предметів",Часто,"Збираю матеріали для лекцій, складаю практичні завдання","беру участь в семінарах, тренінгах та курсах як слухач;читаю фахові видання",Частково забезпечує,Мультимедійного оснащення аудиторії,Скоріше не влаштовує,"Щось влаштовує, щось ні",знання для використання на роботі,"Чимось задоволений, чимось ні","Чимось задоволений, чимось ні",Скоріше задоволений,,"Побажання кращого и комфортнішого, теплого и відремонтованого аудиторного фонду,  кращих умов праці викладачами і цікавих лекцій для студентів!!! Хай завжди Вам щастить!!!",
77,2017/03/01 9:23:57 AM GMT+3,ММЕС,23,1,базові дисципліни молодших курсів;спеціальні дисципліни,до 7,4-5,Ні,"Чимось задоволений, чимось ні",Так,Завжди,"Збираю матеріали для лекцій, складаю практичні завдання","беру участь в семінарах, тренінгах та курсах як слухач;читаю фахові видання",Не забезпечує,Заважають плідно працювати зайві бюрократичні моменти,Скоріше не влаштовує,Скоріше влаштовує,знання для використання на роботі;диплом - формальне підтвердження знань,Повністю задоволений,Скоріше задоволений,Скоріше задоволений,,,
78,2017/03/01 10:55:00 AM GMT+3,ТПУ,20,1,спеціальні дисципліни,до 4,1,Ні,Повністю задоволений,Так,Завжди,"Збираю матеріали для лекцій, складаю практичні завдання","доповідаю на семінарах, тренінгах та онлайн-курсах;пишу статті та інші матеріали;читаю фахові видання",Повністю забезпечує,,Скоріше влаштовує,Скоріше влаштовує,знання для використання на роботі,"Чимось задоволений, чимось ні","Чимось задоволений, чимось ні",Повністю задоволений,,"Студентам: КПІ - це місце, де отримують знання та вміння, не втрачайте свій шанс! Не розмінюйтесь на дрібниці і не зраджуйте своїм принципам!",Які є проблеми у спілкуванні зі студентами?
79,2017/03/01 11:51:56 AM GMT+3,КіВРА,11,1,спеціальні дисципліни,до 7,2-3,Ні,"Чимось задоволений, чимось ні",Так,Завжди,"Збираю матеріали для лекцій, складаю практичні завдання","беру участь в семінарах, тренінгах та курсах як слухач;читаю фахові видання",Важко відповісти,,Скоріше не влаштовує,"Щось влаштовує, щось ні",знання для використання на роботі,Повністю задоволений,Повністю задоволений,Повністю задоволений,,,
80,2017/03/01 12:48:33 PM GMT+3,РОС,19,1,спеціальні дисципліни,до 7,2-3,"Так, це має відношення до дисциплін, які я викладаю",Скоріше задоволений,Так,Завжди,"Збираю матеріали для лекцій, складаю практичні завдання",працюю в цій галузі;займаюся позакласною роботою з колегами та/або студентами;пишу статті та інші матеріали;читаю фахові видання,Не забезпечує,"Прилади, комплектуючі","Щось влаштовує, щось ні","Щось влаштовує, щось ні",знання для використання на роботі;диплом - формальне підтвердження знань,Скоріше задоволений,Повністю задоволений,"Чимось задоволений, чимось ні",,,
81,2017/03/01 2:57:02 PM GMT+3,ПЕ,3,1,базові дисципліни молодших курсів;спеціальні дисципліни,до 4,2-3,"Так, це має відношення до дисциплін, які я викладаю","Чимось задоволений, чимось ні",Так,Часто,"Збираю матеріали для лекцій, складаю практичні завдання","працюю в цій галузі;беру участь в семінарах, тренінгах та курсах як слухач",Частково забезпечує,,"Щось влаштовує, щось ні",Скоріше влаштовує,знання для використання на роботі;диплом - формальне підтвердження знань,Скоріше задоволений,Скоріше задоволений,Скоріше задоволений,,,
82,2017/03/01 7:18:59 PM GMT+3,ВП,4,1,базові дисципліни молодших курсів;спеціальні дисципліни,до 7,2-3,Ні,"Чимось задоволений, чимось ні",Так,Часто,Інше,"беру участь в семінарах, тренінгах та курсах як слухач;пишу статті та інші матеріали",Частково забезпечує,Принтеру,Скоріше влаштовує,Повністю влаштовує,знання для використання на роботі,Повністю задоволений,Скоріше задоволений,Скоріше задоволений,,,
83,2017/03/01 7:26:38 PM GMT+3,вп,11,2-3,базові дисципліни молодших курсів;спеціальні дисципліни,до 7,2-3,Ні,Повністю не задоволений,Так,Завжди,"Збираю матеріали для лекцій, складаю практичні завдання","займаюся позакласною роботою з колегами та/або студентами;доповідаю на семінарах, тренінгах та онлайн-курсах;беру участь в семінарах, тренінгах та курсах як слухач;пишу статті та інші матеріали;читаю фахові видання",Частково забезпечує,,Скоріше не влаштовує,Скоріше не влаштовує,знання для використання на роботі,Скоріше задоволений,Повністю задоволений,Скоріше задоволений,,,
84,2017/03/01 7:37:01 PM GMT+3,НАЕПС,10,1,базові дисципліни молодших курсів;спеціальні дисципліни,до 7,2-3,"Так, але це не має відношення до дисциплін, які я викладаю",Повністю не задоволений,Так,Часто,Іноді оновлюю готові матеріали,"займаюся позакласною роботою з колегами та/або студентами;беру участь в семінарах, тренінгах та курсах як слухач;пишу статті та інші матеріали;читаю фахові видання",Не забезпечує,"часу на підготовку матеріалів до занять із студентами, час зайнятий паперовою роботою перевищує всі межі!
матеріального забезпечення - відсутня можливість придбати необхідні сучасні інструменти, матеріали та складові частини, необхідні для ефективної наукової та практичної діяльності.",Скоріше не влаштовує,"Щось влаштовує, щось ні",диплом - формальне підтвердження знань;відстрочку від армії;можливість жити в гуртожитку,Скоріше задоволений,"Чимось задоволений, чимось ні",Скоріше задоволений,,"КПІ - найкращий ВНЗ України, але треба тягнутися за світом!",
85,2017/03/01 8:16:01 PM GMT+3,ПГ,3,1,базові дисципліни молодших курсів;спеціальні дисципліни,до 7,2-3,Ні,Повністю не задоволений,Так,Завжди,"Збираю матеріали для лекцій, складаю практичні завдання",працюю в цій галузі;пишу статті та інші матеріали;читаю фахові видання,Повністю забезпечує,,"Щось влаштовує, щось ні",Скоріше влаштовує,знання для використання на роботі;диплом - формальне підтвердження знань,Повністю задоволений,Повністю задоволений,Повністю задоволений,,Всё будет хорошо,
86,2017/03/01 10:01:15 PM GMT+3,ПСНК,6 років,1,базові дисципліни молодших курсів;спеціальні дисципліни,до 4,2-3,"Так, але це не має відношення до дисциплін, які я викладаю","Чимось задоволений, чимось ні","Є, але не для всіх предметів",Завжди,"Збираю матеріали для лекцій, складаю практичні завдання","займаюся позакласною роботою з колегами та/або студентами;беру участь в семінарах, тренінгах та курсах як слухач;пишу статті та інші матеріали;читаю фахові видання",Частково забезпечує,"вільного часу - постійно купа документів, рейтингів, семінарів (де тобі розповідають що ти нічого в цьому житті не знаєш) і всякої фігні....
і дуже не вистачає опалення!",Скоріше не влаштовує,Скоріше не влаштовує,знання для використання на роботі;диплом - формальне підтвердження знань;можливість жити в гуртожитку,Повністю задоволений,Повністю задоволений,"Чимось задоволений, чимось ні",,,
87,2017/03/01 10:09:01 PM GMT+3,ТОР,7,1,спеціальні дисципліни,до 4,1,"Так, але це не має відношення до дисциплін, які я викладаю","Чимось задоволений, чимось ні",Ні,Часто,Іноді оновлюю готові матеріали,читаю фахові видання,Частково забезпечує,,Скоріше не влаштовує,"Щось влаштовує, щось ні",знання для використання на роботі;диплом - формальне підтвердження знань,"Чимось задоволений, чимось ні","Чимось задоволений, чимось ні","Чимось задоволений, чимось ні",,,
88,2017/03/01 11:04:07 PM GMT+3,ММСА,17,1,базові дисципліни молодших курсів,до 13,2-3,Ні,"Чимось задоволений, чимось ні","Є, але не для всіх предметів",Завжди,Іноді оновлюю готові матеріали,займаюся позакласною роботою з колегами та/або студентами,Повністю забезпечує,,Скоріше не влаштовує,Важко відповісти,знання для використання на роботі;диплом - формальне підтвердження знань;відстрочку від армії;можливість жити в гуртожитку,Скоріше задоволений,Скоріше задоволений,Скоріше задоволений,,,
89,2017/03/02 12:50:24 AM GMT+3,технології машинобудування,15,1,спеціальні дисципліни,до 13,2-3,"Так, але це не має відношення до дисциплін, які я викладаю","Чимось задоволений, чимось ні",Так,Часто,"Збираю матеріали для лекцій, складаю практичні завдання","працюю в цій галузі;беру участь в семінарах, тренінгах та курсах як слухач;читаю фахові видання",Частково забезпечує,,Скоріше не влаштовує,"Щось влаштовує, щось ні",знання для використання на роботі;диплом - формальне підтвердження знань,Скоріше задоволений,Скоріше задоволений,"Чимось задоволений, чимось ні",,,
90,2017/03/02 1:07:22 AM GMT+3,дмм та ом,11,2-3,базові дисципліни молодших курсів,до 7,2-3,"Так, це має відношення до дисциплін, які я викладаю",Скоріше задоволений,Так,Часто,"Збираю матеріали для лекцій, складаю практичні завдання",працюю в цій галузі;пишу статті та інші матеріали;читаю фахові видання,Повністю забезпечує,,"Щось влаштовує, щось ні","Щось влаштовує, щось ні",знання для використання на роботі;диплом - формальне підтвердження знань;відстрочку від армії,"Чимось задоволений, чимось ні","Чимось задоволений, чимось ні","Чимось задоволений, чимось ні",,,
91,2017/03/02 6:38:46 AM GMT+3,от,12,2-3,спеціальні дисципліни,до 7,2-3,"Так, це має відношення до дисциплін, які я викладаю","Чимось задоволений, чимось ні",Так,Часто,Іноді оновлюю готові матеріали,"працюю в цій галузі;займаюся позакласною роботою з колегами та/або студентами;беру участь в семінарах, тренінгах та курсах як слухач;пишу статті та інші матеріали;читаю фахові видання",Частково забезпечує,Часу і грошей,"Щось влаштовує, щось ні","Щось влаштовує, щось ні","знання для того, щоб займатися наукою;знання для використання на роботі;диплом - формальне підтвердження знань;відстрочку від армії;можливість жити в гуртожитку",Повністю задоволений,Повністю задоволений,Скоріше задоволений,,,
92,2017/03/02 10:01:55 AM GMT+3,Менеджмент у,10,1,спеціальні дисципліни,до 13,4-5,Ні,Скоріше задоволений,Так,Завжди,"Збираю матеріали для лекцій, складаю практичні завдання","беру участь в семінарах, тренінгах та курсах як слухач;пишу статті та інші матеріали;читаю фахові видання",Частково забезпечує,Технiчного забезпечення,Скоріше не влаштовує,Скоріше не влаштовує,знання для використання на роботі;диплом - формальне підтвердження знань;відстрочку від армії,Скоріше задоволений,Повністю задоволений,Скоріше задоволений,,"Существует только один уголок в мире, который вы определенно можете улучшить, и этот уголок-- ваше собственное ""Я"".   Олдос Хаксли",
93,2017/03/02 2:36:35 PM GMT+3,екаоеароапсап,26,6 і більше,спеціальні дисципліни,17 і більше,6 і більше,Ні,"Чимось задоволений, чимось ні",Ні,Не готуюся,,не вдосконалюю рівень свої знань,Не забезпечує,гоблина,Скоріше не влаштовує,"Мені байдуже, на цікавлюся науковою діяльністю",відстрочку від армії,"Чимось задоволений, чимось ні","Чимось задоволений, чимось ні","Чимось задоволений, чимось ні",,йоу паучата,гоблина
94,2017/03/02 3:45:13 PM GMT+3,ММЕС,7,1,базові дисципліни молодших курсів;спеціальні дисципліни,до 13,6 і більше,"Так, це має відношення до дисциплін, які я викладаю",Важко відповісти,Ні,Інколи,"Збираю матеріали для лекцій, складаю практичні завдання","працюю в цій галузі;займаюся позакласною роботою з колегами та/або студентами;беру участь в семінарах, тренінгах та курсах як слухач",Частково забезпечує,"Доступу до принтеру, крейди/маркерів",Скоріше не влаштовує,"Щось влаштовує, щось ні","знання для того, щоб займатися наукою;знання для використання на роботі;диплом - формальне підтвердження знань;відстрочку від армії",Повністю задоволений,"Чимось задоволений, чимось ні",Скоріше задоволений,,,
95,2017/03/02 8:29:15 PM GMT+3,АЭС,1,1,спеціальні дисципліни,до 4,1,"Так, але це не має відношення до дисциплін, які я викладаю",Важко відповісти,Так,Завжди,"Збираю матеріали для лекцій, складаю практичні завдання",працюю в цій галузі;читаю фахові видання,Частково забезпечує,,Скоріше влаштовує,Скоріше влаштовує,знання для використання на роботі;диплом - формальне підтвердження знань,Скоріше задоволений,Скоріше задоволений,Скоріше задоволений,,,
96,2017/03/02 10:44:52 PM GMT+3,РОС,5,1,спеціальні дисципліни,до 7,2-3,"Так, це має відношення до дисциплін, які я викладаю",Повністю не задоволений,"Є, але не для всіх предметів",Часто,"Збираю матеріали для лекцій, складаю практичні завдання","працюю в цій галузі;беру участь в семінарах, тренінгах та курсах як слухач",Частково забезпечує,,Скоріше не влаштовує,"Щось влаштовує, щось ні",диплом - формальне підтвердження знань,Скоріше задоволений,Скоріше задоволений,Скоріше задоволений,,,
97,2017/03/03 10:34:26 AM GMT+3,ммса,17 рокiв,1,базові дисципліни молодших курсів;спеціальні дисципліни,до 4,2-3,Ні,"Чимось задоволений, чимось ні",Так,Завжди,"Збираю матеріали для лекцій, складаю практичні завдання","займаюся позакласною роботою з колегами та/або студентами;доповідаю на семінарах, тренінгах та онлайн-курсах;беру участь в семінарах, тренінгах та курсах як слухач;пишу статті та інші матеріали;читаю фахові видання",Повністю забезпечує,,Не стикався з бюрократією під час роботи,Скоріше влаштовує,"знання для того, щоб займатися наукою;знання для використання на роботі;диплом - формальне підтвердження знань",Скоріше задоволений,Скоріше задоволений,Скоріше задоволений,,,
98,2017/03/03 8:47:34 PM GMT+3,Мен,17,1,спеціальні дисципліни,до 7,1,Ні,"Чимось задоволений, чимось ні",Так,Завжди,"Збираю матеріали для лекцій, складаю практичні завдання","займаюся позакласною роботою з колегами та/або студентами;доповідаю на семінарах, тренінгах та онлайн-курсах;беру участь в семінарах, тренінгах та курсах як слухач;пишу статті та інші матеріали;читаю фахові видання",Не забезпечує,"Нормальних умов праці! У мене немає навіть робочого місця на кафедрі, немає компютера, паперу - все це купую самостійно",Скоріше не влаштовує,Скоріше не влаштовує,знання для використання на роботі,"Чимось задоволений, чимось ні",Скоріше задоволений,Скоріше задоволений,,"Хочу побажати усім цінувати те, що ми маємо сьогодні, і робити все можливе, щоб завтра стало краще",
99,2017/03/03 11:17:51 PM GMT+3,ІВТ,13,1,базові дисципліни молодших курсів;спеціальні дисципліни,до 7,1,"Так, але це не має відношення до дисциплін, які я викладаю","Чимось задоволений, чимось ні",Так,Часто,"Збираю матеріали для лекцій, складаю практичні завдання","беру участь в семінарах, тренінгах та курсах як слухач;читаю фахові видання",Не забезпечує,Від проектора до.. крейди,Скоріше не влаштовує,"Щось влаштовує, щось ні",знання для використання на роботі;диплом - формальне підтвердження знань,"Чимось задоволений, чимось ні","Чимось задоволений, чимось ні","Чимось задоволений, чимось ні",,,
100,2017/03/04 2:39:12 AM GMT+3,ммса,7+,1,спеціальні дисципліни,до 4,1,"Так, це має відношення до дисциплін, які я викладаю","Чимось задоволений, чимось ні",Так,Завжди,"Збираю матеріали для лекцій, складаю практичні завдання","працюю в цій галузі;доповідаю на семінарах, тренінгах та онлайн-курсах;беру участь в семінарах, тренінгах та курсах як слухач;читаю фахові видання",Повністю забезпечує,,Скоріше влаштовує,Скоріше не влаштовує,знання для використання на роботі,Скоріше задоволений,"Чимось задоволений, чимось ні",Скоріше задоволений,,,
101,2017/03/05 5:33:35 PM GMT+3,АЕМС-ЕП,6,1,спеціальні дисципліни,до 17,4-5,"Так, це має відношення до дисциплін, які я викладаю",Повністю не задоволений,"Є, але не для всіх предметів",Часто,"Збираю матеріали для лекцій, складаю практичні завдання","працюю в цій галузі;доповідаю на семінарах, тренінгах та онлайн-курсах;беру участь в семінарах, тренінгах та курсах як слухач;пишу статті та інші матеріали;читаю фахові видання",Частково забезпечує,,Скоріше не влаштовує,"Щось влаштовує, щось ні",знання для використання на роботі;диплом - формальне підтвердження знань,Скоріше задоволений,"Чимось задоволений, чимось ні",Скоріше задоволений,,,
102,2017/03/06 12:31:34 AM GMT+3,АПЕПС,20,1,базові дисципліни молодших курсів,до 13,2-3,Ні,"Чимось задоволений, чимось ні",Так,Завжди,"Збираю матеріали для лекцій, складаю практичні завдання",пишу статті та інші матеріали;читаю фахові видання,Повністю забезпечує,,Скоріше не влаштовує,Повністю влаштовує,знання для використання на роботі;диплом - формальне підтвердження знань;відстрочку від армії,Повністю задоволений,Повністю задоволений,Повністю задоволений,,"Я вважаю якість навчання в КПІ високою.
Студентам бажаю більшої наполегливості в навчанні, а також розширювати свій світогляд, не зациклюючись лише на навчанні; бути активнішими, не боятися викладачів запитувати, коли щось не ясно.",
103,2017/03/06 11:48:52 AM GMT+3,ПП,3 роки,2-3,базові дисципліни молодших курсів,до 7,2-3,"Так, але це не має відношення до дисциплін, які я викладаю","Чимось задоволений, чимось ні",Так,Завжди,"Збираю матеріали для лекцій, складаю практичні завдання",займаюся позакласною роботою з колегами та/або студентами;пишу статті та інші матеріали,Частково забезпечує,Матеріально-технічного забезпечення,Скоріше не влаштовує,Скоріше не влаштовує,знання для використання на роботі,Скоріше задоволений,"Чимось задоволений, чимось ні",Скоріше задоволений,,,
104,2017/03/06 5:58:10 PM GMT+3,ТО,60,викладаю майже на всіх факультетах,спеціальні дисципліни,17 і більше,4-5,"Так, це має відношення до дисциплін, які я викладаю",Повністю не задоволений,Так,Завжди,"Збираю матеріали для лекцій, складаю практичні завдання",працюю в цій галузі,Не забезпечує,,Повністю влаштовує,"Щось влаштовує, щось ні",диплом - формальне підтвердження знань,Скоріше не задоволений,"Чимось задоволений, чимось ні","Чимось задоволений, чимось ні",,,
105,2017/03/06 8:04:58 PM GMT+3,ем,40,2-3,базові дисципліни молодших курсів;спеціальні дисципліни,17 і більше,2-3,Ні,"Чимось задоволений, чимось ні",Так,Завжди,"Збираю матеріали для лекцій, складаю практичні завдання",працюю в цій галузі;займаюся позакласною роботою з колегами та/або студентами,Частково забезпечує,,Повністю влаштовує,Скоріше влаштовує,"знання для того, щоб займатися наукою;знання для використання на роботі;диплом - формальне підтвердження знань;відстрочку від армії",Повністю задоволений,Скоріше задоволений,Повністю задоволений,,,
106,2017/03/06 11:21:38 PM GMT+3,ІБ,7,1,спеціальні дисципліни,до 13,4-5,"Так, це має відношення до дисциплін, які я викладаю",Повністю не задоволений,Так,Часто,"Збираю матеріали для лекцій, складаю практичні завдання","працюю в цій галузі;доповідаю на семінарах, тренінгах та онлайн-курсах;беру участь в семінарах, тренінгах та курсах як слухач;пишу статті та інші матеріали;читаю фахові видання",Частково забезпечує,Розуму керівництва галузі,Скоріше не влаштовує,Повністю не влаштовує,знання для використання на роботі;диплом - формальне підтвердження знань,Скоріше задоволений,Скоріше задоволений,Скоріше задоволений,,,
107,2017/03/07 1:40:46 AM GMT+3,ахв,20,1,дисципліни гуманітарного циклу,до 4,6 і більше,"Так, але це не має відношення до дисциплін, які я викладаю",Повністю задоволений,Ні,Не готуюся,,не вдосконалюю рівень свої знань,Повністю забезпечує,,Повністю влаштовує,"Мені байдуже, на цікавлюся науковою діяльністю",диплом - формальне підтвердження знань;відстрочку від армії,Повністю не задоволений,"Чимось задоволений, чимось ні",Повністю задоволений,,,Дибільненькі пітання
108,2017/03/08 2:42:37 AM GMT+3,АХВ,20,1,спеціальні дисципліни,до 7,2-3,Ні,Скоріше задоволений,Так,Завжди,"Збираю матеріали для лекцій, складаю практичні завдання","беру участь в семінарах, тренінгах та курсах як слухач;пишу статті та інші матеріали;читаю фахові видання",Частково забезпечує,,Скоріше не влаштовує,Скоріше не влаштовує,знання для використання на роботі;диплом - формальне підтвердження знань;відстрочку від армії,"Чимось задоволений, чимось ні",Повністю задоволений,"Чимось задоволений, чимось ні",,,
109,2017/03/12 2:34:29 AM GMT+3,КЕОА,9,1,дисципліни гуманітарного циклу,до 7,1,"Так, це має відношення до дисциплін, які я викладаю",Скоріше задоволений,Так,Завжди,"Збираю матеріали для лекцій, складаю практичні завдання","працюю в цій галузі;займаюся позакласною роботою з колегами та/або студентами;доповідаю на семінарах, тренінгах та онлайн-курсах;беру участь в семінарах, тренінгах та курсах як слухач;пишу статті та інші матеріали;читаю фахові видання",Частково забезпечує,,Скоріше не влаштовує,Скоріше не влаштовує,знання для використання на роботі;диплом - формальне підтвердження знань;відстрочку від армії;можливість жити в гуртожитку,Скоріше задоволений,Скоріше задоволений,"Чимось задоволений, чимось ні",,,
110,2017/03/12 5:48:13 PM GMT+3,Ктппам,10,1,базові дисципліни молодших курсів;дисципліни гуманітарного циклу,до 13,2-3,"Так, це має відношення до дисциплін, які я викладаю",Повністю не задоволений,Так,Завжди,"Збираю матеріали для лекцій, складаю практичні завдання","працюю в цій галузі;займаюся позакласною роботою з колегами та/або студентами;беру участь в семінарах, тренінгах та курсах як слухач;пишу статті та інші матеріали",Не забезпечує,,Скоріше не влаштовує,Повністю не влаштовує,знання для використання на роботі;диплом - формальне підтвердження знань;можливість жити в гуртожитку,"Чимось задоволений, чимось ні","Чимось задоволений, чимось ні",Скоріше не задоволений,"Ідейні засади (хочу вчити людей, щось змінити в системі освіти)",,
111,2017/03/12 9:12:13 PM GMT+3,БМ,3,1,базові дисципліни молодших курсів;спеціальні дисципліни,до 13,2-3,"Так, це має відношення до дисциплін, які я викладаю","Чимось задоволений, чимось ні",Так,Інколи,Іноді оновлюю готові матеріали,працюю в цій галузі;займаюся позакласною роботою з колегами та/або студентами,Частково забезпечує,,Скоріше не влаштовує,"Щось влаштовує, щось ні",диплом - формальне підтвердження знань;відстрочку від армії;можливість жити в гуртожитку,Скоріше задоволений,Скоріше задоволений,"Чимось задоволений, чимось ні",,,
112,2017/03/12 11:23:42 PM GMT+3,Кумлк,5,2-3,дисципліни гуманітарного циклу,до 7,1,"Так, це має відношення до дисциплін, які я викладаю",Скоріше задоволений,Так,Завжди,"Збираю матеріали для лекцій, складаю практичні завдання","працюю в цій галузі;доповідаю на семінарах, тренінгах та онлайн-курсах;беру участь в семінарах, тренінгах та курсах як слухач;пишу статті та інші матеріали;читаю фахові видання",Частково забезпечує,,Скоріше не влаштовує,"Щось влаштовує, щось ні",диплом - формальне підтвердження знань;відстрочку від армії;можливість жити в гуртожитку,Повністю задоволений,Скоріше задоволений,Скоріше задоволений,,Мої студенти - найкращі. Я за вами сумую),Додати запитання з можливістю написати що не влаштовує у роботі
113,2017/03/13 4:10:42 PM GMT+3,БМІ,5 років,1,базові дисципліни молодших курсів,до 7,2-3,"Так, але це не має відношення до дисциплін, які я викладаю",Скоріше задоволений,Так,Завжди,"Збираю матеріали для лекцій, складаю практичні завдання","доповідаю на семінарах, тренінгах та онлайн-курсах",Частково забезпечує,"Принтер, папір","Щось влаштовує, щось ні","Щось влаштовує, щось ні","знання для того, щоб займатися наукою",Скоріше задоволений,"Чимось задоволений, чимось ні",Повністю задоволений,,,
114,2017/03/13 11:07:52 PM GMT+3,Технології машинобудування,1,1,спеціальні дисципліни,до 4,1,"Так, це має відношення до дисциплін, які я викладаю","Чимось задоволений, чимось ні",Так,Завжди,"Збираю матеріали для лекцій, складаю практичні завдання","працюю в цій галузі;доповідаю на семінарах, тренінгах та онлайн-курсах;читаю фахові видання",Важко відповісти,Новітнього обладнання,Скоріше не влаштовує,Скоріше влаштовує,знання для використання на роботі;диплом - формальне підтвердження знань;відстрочку від армії,Повністю задоволений,Повністю задоволений,Повністю задоволений,,,
115,2017/03/14 3:06:55 AM GMT+3,АТЕП,4,1,спеціальні дисципліни,до 7,2-3,"Так, це має відношення до дисциплін, які я викладаю","Чимось задоволений, чимось ні",Так,Завжди,"Збираю матеріали для лекцій, складаю практичні завдання","працюю в цій галузі;беру участь в семінарах, тренінгах та курсах як слухач;читаю фахові видання",Частково забезпечує,"Аудиторій з проекторами

Опалення",Скоріше не влаштовує,"Щось влаштовує, щось ні",знання для використання на роботі;диплом - формальне підтвердження знань;відстрочку від армії;можливість жити в гуртожитку,"Чимось задоволений, чимось ні",Скоріше задоволений,Скоріше задоволений,,Менше бюрократизму та більше підтримки на нові проекти,
116,2017/03/18 10:45:12 PM GMT+3,ЗФ та ФТТ,2,2-3,базові дисципліни молодших курсів,до 4,1,Ні,"Чимось задоволений, чимось ні",Так,Завжди,Інше,займаюся позакласною роботою з колегами та/або студентами;читаю фахові видання,Частково забезпечує,Модернізації лабораторій,"Щось влаштовує, щось ні","Щось влаштовує, щось ні","знання для того, щоб займатися наукою;знання для використання на роботі;диплом - формальне підтвердження знань;відстрочку від армії;можливість жити в гуртожитку","Чимось задоволений, чимось ні",Скоріше задоволений,Скоріше задоволений,,"Викладачам - терпіння, позитиву та ентузіазму,
Випускникам - успіхів дорогою до мрії,
Студентам - бажання навчатися, розвиватися та знайти себе.",
117,2017/03/18 10:48:39 PM GMT+3,ЗФ та ФТТ,8,4-5,базові дисципліни молодших курсів,до 13,1,"Так, це має відношення до дисциплін, які я викладаю","Чимось задоволений, чимось ні",Так,Інколи,Іноді оновлюю готові матеріали,пишу статті та інші матеріали,Частково забезпечує,,"Щось влаштовує, щось ні",Скоріше не влаштовує,"знання для того, щоб займатися наукою;знання для використання на роботі;диплом - формальне підтвердження знань",Повністю задоволений,Скоріше задоволений,Скоріше задоволений,,,
118,2017/03/20 4:06:00 PM GMT+3,ЗФ та ФТТ,20,2-3,базові дисципліни молодших курсів,до 7,2-3,Ні,"Чимось задоволений, чимось ні",Так,Завжди,"Збираю матеріали для лекцій, складаю практичні завдання","доповідаю на семінарах, тренінгах та онлайн-курсах;пишу статті та інші матеріали;читаю фахові видання",Частково забезпечує,"Аудиторій, забезпечених проектором та екраном",Скоріше не влаштовує,Скоріше влаштовує,знання для використання на роботі;диплом - формальне підтвердження знань;відстрочку від армії,Повністю задоволений,Скоріше задоволений,Скоріше задоволений,,,
119,2017/03/21 12:18:41 AM GMT+3,Дмм та ом,12,2-3,базові дисципліни молодших курсів,до 7,2-3,"Так, це має відношення до дисциплін, які я викладаю","Чимось задоволений, чимось ні","Є, але не для всіх предметів",Часто,Іноді оновлюю готові матеріали,"займаюся позакласною роботою з колегами та/або студентами;доповідаю на семінарах, тренінгах та онлайн-курсах;беру участь в семінарах, тренінгах та курсах як слухач;пишу статті та інші матеріали;читаю фахові видання",Повністю забезпечує,,Скоріше влаштовує,Скоріше влаштовує,знання для використання на роботі;диплом - формальне підтвердження знань;відстрочку від армії,Скоріше задоволений,Повністю задоволений,Скоріше задоволений,,,
120,2017/03/21 1:02:03 AM GMT+3,АХВ,10,1,спеціальні дисципліни,до 7,2-3,"Так, це має відношення до дисциплін, які я викладаю",Скоріше задоволений,Так,Часто,Іноді оновлюю готові матеріали,працюю в цій галузі;читаю фахові видання,Повністю забезпечує,,Скоріше не влаштовує,"Щось влаштовує, щось ні",знання для використання на роботі,Скоріше задоволений,Скоріше задоволений,Скоріше задоволений,,,
121,2017/03/21 5:53:51 AM GMT+3,АПЕПС,10,2-3,спеціальні дисципліни,до 4,1,"Так, це має відношення до дисциплін, які я викладаю",Скоріше задоволений,Так,Часто,Іноді оновлюю готові матеріали,"працюю в цій галузі;займаюся позакласною роботою з колегами та/або студентами;доповідаю на семінарах, тренінгах та онлайн-курсах;беру участь в семінарах, тренінгах та курсах як слухач;пишу статті та інші матеріали;читаю фахові видання",Частково забезпечує,проекторів всюди та серверів,Скоріше не влаштовує,Скоріше не влаштовує,знання для використання на роботі,Скоріше задоволений,Повністю задоволений,Скоріше задоволений,,"За незележність, яка була у кафедри","плани розроблює не мінестерство, а кафедри"
122,2017/03/22 4:09:27 PM GMT+3,МП,3,2-3,спеціальні дисципліни,до 13,2-3,"Так, це має відношення до дисциплін, які я викладаю","Чимось задоволений, чимось ні","Є, але не для всіх предметів",Часто,"Збираю матеріали для лекцій, складаю практичні завдання",працюю в цій галузі,Частково забезпечує,,Скоріше не влаштовує,"Щось влаштовує, щось ні",,Скоріше задоволений,Скоріше задоволений,Скоріше задоволений,,,
123,2017/03/24 1:01:48 PM GMT+3,Соціології,10,1,спеціальні дисципліни,до 7,2-3,Ні,Повністю задоволений,Так,Часто,"Збираю матеріали для лекцій, складаю практичні завдання",пишу статті та інші матеріали;читаю фахові видання,Частково забезпечує,Фінансування досліджень,Скоріше не влаштовує,"Щось влаштовує, щось ні",знання для використання на роботі;диплом - формальне підтвердження знань;відстрочку від армії;можливість жити в гуртожитку,"Чимось задоволений, чимось ні","Чимось задоволений, чимось ні","Чимось задоволений, чимось ні",,,
124,2017/03/24 1:16:35 PM GMT+3,ПМА,7,1,базові дисципліни молодших курсів,до 13,2-3,"Так, це має відношення до дисциплін, які я викладаю","Чимось задоволений, чимось ні","Є, але не для всіх предметів",Завжди,"Збираю матеріали для лекцій, складаю практичні завдання",працюю в цій галузі,Частково забезпечує,"1) Спеціально обладнаних аудиторій, інтерактивних дошок чи хоча б декілька проекторів.

Не зручно тягати за собою коробку із проектором, чи не мати змогу викладати в лекційній аудиторії із вмонтованим проектором, бо ""черга"" на її використання вже забита.

Так, наприклад, в 7му корпусі  ауд. 122 (навіть тягаючи коробку із проектром) його не можна використовувати, бо РОЗЕТКИ не працюють. Семестр пройшов, а розетки так і не відремонтували.

Диспетчерска часто допускає накладки...

2) Позитивної взаємодії та узгодженості із іншими викладачами, які викладають таку саму дисципліну, або суміжну.

3) Меншого бюрократичного навантаження.",Скоріше не влаштовує,Скоріше не влаштовує,знання для використання на роботі,Повністю задоволений,Скоріше не задоволений,"Чимось задоволений, чимось ні",,"Жодного разу не засумнівалась в тому, що провчилась у КПІ. Якби мені дали змогу ще раз обрати вуз, то 100% вибір пав на КПІ. 
Бо: КПІ повністю перекроює мислення, налаштовує мізки на новий рівень, а також навчає виживанюю та виконанню неможливого за короткий термін. 
Та база, яка була отримана на перших трьох курсах навчання дає змогу впевнено рухатись далі самостійно.","Дати змогу повернустися до попереднього питання, якщо, наприклад, щось забув дописати ще"
125,2017/03/24 2:53:33 PM GMT+3,Соціологія,12,2-3,базові дисципліни молодших курсів;дисципліни гуманітарного циклу,до 7,4-5,Ні,Важко відповісти,Так,Завжди,"Збираю матеріали для лекцій, складаю практичні завдання",читаю фахові видання,Частково забезпечує,"Не вистачає спец. аудиторій для лекцій з презентацією. Іноді за часом співпадають пари, коли хтось з викладачів вже зайняв таку аудиторію або забрав для використання ноутбук та проектор. Крім того, в аудиторіях взимку дуже холодно, що створює теж незручності.",Скоріше не влаштовує,Повністю влаштовує,знання для використання на роботі;диплом - формальне підтвердження знань,Скоріше задоволений,"Чимось задоволений, чимось ні",Скоріше задоволений,,,"Не вистачало питань про побутові умови роботи та навчання...Наприклад, коли я на факультеті електроніки приходив проводити заняття, не було можливості десь залишити верхній одяг окрім як приходилось нести його прямо в аудиторію і класти на свій робочий стіл. Аудиторії не завжди могли вмістити всіх студентів і таке ін."
126,2017/03/24 4:39:22 PM GMT+3,Історії,1,4-5,дисципліни гуманітарного циклу,до 7,2-3,"Так, але це не має відношення до дисциплін, які я викладаю","Чимось задоволений, чимось ні",Так,Інколи,Іноді оновлюю готові матеріали,"займаюся позакласною роботою з колегами та/або студентами;беру участь в семінарах, тренінгах та курсах як слухач;пишу статті та інші матеріали;читаю фахові видання",Не забезпечує,,Скоріше не влаштовує,Скоріше не влаштовує,диплом - формальне підтвердження знань,Скоріше задоволений,"Чимось задоволений, чимось ні","Чимось задоволений, чимось ні",,,
127,2017/03/24 10:21:04 PM GMT+3,соціології,20,1,базові дисципліни молодших курсів;спеціальні дисципліни;дисципліни гуманітарного циклу,до 7,4-5,Ні,Важко відповісти,Так,Часто,"Збираю матеріали для лекцій, складаю практичні завдання","працюю в цій галузі;доповідаю на семінарах, тренінгах та онлайн-курсах;пишу статті та інші матеріали;читаю фахові видання",Повністю забезпечує,,Скоріше не влаштовує,Скоріше влаштовує,диплом - формальне підтвердження знань,"Чимось задоволений, чимось ні",Скоріше задоволений,Скоріше задоволений,,,
128,2017/03/24 11:27:22 PM GMT+3,Кафедра соціології,11 років,1,базові дисципліни молодших курсів;спеціальні дисципліни,до 4,1,"Так, це має відношення до дисциплін, які я викладаю",Повністю не задоволений,Так,Завжди,Інше,"працюю в цій галузі;доповідаю на семінарах, тренінгах та онлайн-курсах;беру участь в семінарах, тренінгах та курсах як слухач;пишу статті та інші матеріали;читаю фахові видання",Частково забезпечує,"Паперу, стаціонарного проектору, екрану, звукового обладнання.",Скоріше не влаштовує,"Щось влаштовує, щось ні",диплом - формальне підтвердження знань,"Чимось задоволений, чимось ні","Чимось задоволений, чимось ні",Скоріше задоволений,,"У КПІ варто запровадити такі зміни:
- подолати абсурдність бюрократичного супроводу навчальних дисциплін (це не є обов'язкові до виконання вимоги МОН, хоча їх такими позиціонують у КПІ);
- додати до рейтингової системи викладачів публічні лекції та виступи на конференціях (зараз враховують лише публікації тез);
- реалізувати на практиці заборону куріння в корпусах, адже це шкодить здоров'ю всіх і негативно позначається на іміджі КПІ під час візитів гостей з інших київських, європейських та американських університетів (формально куріння в корпусах заборонено);
- українська мова має бути мовою навчального процесу й адміністративної роботи не лише в теорії, а й на практиці (на жаль, надто часто мають місце ситуації, коли викладач або студент звертається українською до викладача або адміністративного персоналу КПІ, а у відповідь російська).

З позитивного: у КПІ наразі дещо кращий баланс навчального навантаження й заробітної плати викладачів, ніж в інших університетах, що дає дещо більше часу для творчо-аналітичної роботи (проведення досліджень, написання статей, монографій).","У запитанні про (не)задоволеність бюрократією шкала несиметрична. Відсутня опція ""зовсім незадоволений/незадоволена"". Також у формулювання віял відповідей не взято до уваги, що серед респондентів є жінки, а не лише чоловіки (тези сформульовані у чоловічому роді). Бажано також було б додати можливість повертатися до попередніх запитань анкети (наприклад, у ситуації, коли людина бажає дещо додати до попереднього відкритого запитання - щось, що спершу на спало на думку)."
129,2017/03/24 11:58:12 PM GMT+3,кафедра соціології,10 років,6 і більше,дисципліни гуманітарного циклу,до 7,2-3,"Так, але це не має відношення до дисциплін, які я викладаю","Чимось задоволений, чимось ні",Так,Завжди,Іноді оновлюю готові матеріали,"працюю в цій галузі;доповідаю на семінарах, тренінгах та онлайн-курсах;беру участь в семінарах, тренінгах та курсах як слухач;пишу статті та інші матеріали;читаю фахові видання",Не забезпечує,проектору та ноутбуку,Скоріше не влаштовує,Скоріше не влаштовує,"знання для того, щоб займатися наукою;знання для використання на роботі;диплом - формальне підтвердження знань",Повністю задоволений,"Чимось задоволений, чимось ні","Чимось задоволений, чимось ні",,"Шановні студенти не забувайте про свою індивідуальність і завжди розвивайтесь, не спиняйтесь перед проблемами, кожну проблему можна подолати адже у Вас колосальний потенціал у кожного. Вірю в Вас і в Ваші можливості",
130,2017/03/25 12:10:51 AM GMT+3,Соціології,3,2-3,дисципліни гуманітарного циклу,до 7,2-3,"Так, це має відношення до дисциплін, які я викладаю","Чимось задоволений, чимось ні",Так,Завжди,"Збираю матеріали для лекцій, складаю практичні завдання",працюю в цій галузі;пишу статті та інші матеріали;читаю фахові видання,Повністю забезпечує,,"Щось влаштовує, щось ні","Щось влаштовує, щось ні",знання для використання на роботі,Скоріше задоволений,Повністю задоволений,Скоріше задоволений,,,
131,2017/03/25 10:37:16 AM GMT+3,Репрографії,3 роки,1,спеціальні дисципліни,до 7,2-3,"Так, це має відношення до дисциплін, які я викладаю","Чимось задоволений, чимось ні","Є, але не для всіх предметів",Завжди,"Збираю матеріали для лекцій, складаю практичні завдання",працюю в цій галузі;читаю фахові видання,Повністю забезпечує,,"Щось влаштовує, щось ні",Скоріше влаштовує,знання для використання на роботі,Скоріше задоволений,Скоріше задоволений,Скоріше задоволений,,,Чим можна зацікавити студентів?
132,2017/03/25 9:54:47 PM GMT+3,КС,9,1,спеціальні дисципліни,до 4,1,"Так, це має відношення до дисциплін, які я викладаю",Скоріше задоволений,Так,Завжди,Іноді оновлюю готові матеріали,працюю в цій галузі;читаю фахові видання,Повністю забезпечує,,Скоріше влаштовує,Важко відповісти,знання для використання на роботі;диплом - формальне підтвердження знань,"Чимось задоволений, чимось ні",Повністю задоволений,Повністю задоволений,,,
133,2017/03/26 9:11:52 PM GMT+3,КС,3 роки,2-3,базові дисципліни молодших курсів;спеціальні дисципліни;дисципліни гуманітарного циклу,до 7,2-3,"Так, це має відношення до дисциплін, які я викладаю",Скоріше задоволений,Так,Завжди,"Збираю матеріали для лекцій, складаю практичні завдання","працюю в цій галузі;займаюся позакласною роботою з колегами та/або студентами;беру участь в семінарах, тренінгах та курсах як слухач;пишу статті та інші матеріали;читаю фахові видання",Частково забезпечує,"Можливості роздрукувати матеріали, не завжди є можливість взяти проектор (1 на кафедру - тому черга)",Скоріше не влаштовує,Скоріше влаштовує,знання для використання на роботі;диплом - формальне підтвердження знань,Повністю задоволений,Скоріше задоволений,Скоріше задоволений,,,"Можливо, є сенс збирати більше інформації по окремим питанням - наприклад, деталізувати бюрократію."
134,2017/03/26 11:49:47 PM GMT+3,соціології,5 років,1,базові дисципліни молодших курсів;спеціальні дисципліни,до 13,4-5,"Так, це має відношення до дисциплін, які я викладаю","Чимось задоволений, чимось ні",Так,Завжди,"Збираю матеріали для лекцій, складаю практичні завдання",працюю в цій галузі;пишу статті та інші матеріали;читаю фахові видання,Повністю забезпечує,,Скоріше влаштовує,Скоріше влаштовує,"знання для того, щоб займатися наукою;знання для використання на роботі;диплом - формальне підтвердження знань",Повністю задоволений,Скоріше задоволений,Повністю задоволений,,"КПІ - це університет зараз, а університет має надавати універсальну освіту - тобто всі студенти КПІ мають вивчати як природничі, так і соціальні дисципліни) Так і досягнемо процвітання!",
135,2017/03/27 3:23:49 PM GMT+3,Кафедра електричних станцій,5,1,спеціальні дисципліни,до 7,2-3,"Так, це має відношення до дисциплін, які я викладаю","Чимось задоволений, чимось ні",Так,Часто,Іноді оновлюю готові матеріали,працюю в цій галузі,Не забезпечує,Тепла,Скоріше не влаштовує,Скоріше не влаштовує,"знання для того, щоб займатися наукою;знання для використання на роботі",Скоріше задоволений,Скоріше задоволений,"Чимось задоволений, чимось ні",,,
136,2017/03/27 5:17:03 PM GMT+3,ДММ та ОМ,8,2-3,базові дисципліни молодших курсів;спеціальні дисципліни,до 13,2-3,"Так, це має відношення до дисциплін, які я викладаю","Чимось задоволений, чимось ні",Так,Завжди,"Збираю матеріали для лекцій, складаю практичні завдання",пишу статті та інші матеріали;читаю фахові видання,Повністю забезпечує,,Не стикався з бюрократією під час роботи,"Щось влаштовує, щось ні",знання для використання на роботі;диплом - формальне підтвердження знань,Скоріше задоволений,Скоріше задоволений,Скоріше задоволений,,,
137,2017/03/29 1:01:03 PM GMT+3,тк,17,1,базові дисципліни молодших курсів;спеціальні дисципліни,до 7,2-3,"Так, але це не має відношення до дисциплін, які я викладаю","Чимось задоволений, чимось ні",Так,Завжди,"Збираю матеріали для лекцій, складаю практичні завдання","беру участь в семінарах, тренінгах та курсах як слухач;читаю фахові видання",Частково забезпечує,"Сучасних комп'ютерів, на які можна встановити потрібні програмні пакети. Доступу до інтернету з швидкістю, кращою ніж відкриття 1 сторінки за 5 хвилин.
Тепла в аудиторіях.",Скоріше не влаштовує,"Щось влаштовує, щось ні",знання для використання на роботі;диплом - формальне підтвердження знань;відстрочку від армії,Скоріше задоволений,Скоріше задоволений,Скоріше задоволений,,,
138,2017/04/11 12:31:10 PM GMT+3,ТППАМ,9,1,базові дисципліни молодших курсів,до 13,1,"Так, це має відношення до дисциплін, які я викладаю","Чимось задоволений, чимось ні",Так,Завжди,"Збираю матеріали для лекцій, складаю практичні завдання","доповідаю на семінарах, тренінгах та онлайн-курсах;беру участь в семінарах, тренінгах та курсах як слухач;пишу статті та інші матеріали;читаю фахові видання",Частково забезпечує,"Технічне забезпечення, техніка хорошої якості, папір.",Скоріше не влаштовує,"Щось влаштовує, щось ні",знання для використання на роботі,Повністю задоволений,Повністю задоволений,"Чимось задоволений, чимось ні",,,
139,2017/04/11 11:39:12 PM GMT+3,тппам,10 років,1,спеціальні дисципліни,до 13,4-5,Ні,Скоріше задоволений,Так,Завжди,Іноді оновлюю готові матеріали,"працюю в цій галузі;займаюся позакласною роботою з колегами та/або студентами;беру участь в семінарах, тренінгах та курсах як слухач;пишу статті та інші матеріали;читаю фахові видання",Частково забезпечує,"Технічного забезпечення для проведення лекцій з презентаціями, аудиторій з працюючими компютерами для кожного студента або хоча б на двох і підключеного інтернета. Не вистачає відремонтованих жалюзі у лекційній ауд.115, бо у сонячний день студентам нічого не видно на екрані.",Скоріше влаштовує,Повністю влаштовує,"знання для того, щоб займатися наукою;знання для використання на роботі",Повністю задоволений,Повністю задоволений,Скоріше задоволений,,,"В опитуванні нічого, а от в опаленні кпі взимку..."
140,2017/04/14 8:01:57 PM GMT+3,от,20,6 і більше,спеціальні дисципліни,до 13,4-5,Ні,Скоріше задоволений,Ні,Інколи,Інше,займаюся позакласною роботою з колегами та/або студентами,Частково забезпечує,,Скоріше не влаштовує,Скоріше не влаштовує,відстрочку від армії,Повністю не задоволений,Повністю не задоволений,Повністю не задоволений,Інше,,
141,2017/04/15 9:40:30 AM GMT+3,Хф,18,4-5,,до 13,4-5,,,,Завжди,,пишу статті та інші матеріали;читаю фахові видання,,Пумс,,,,Повністю задоволений,,,,,Граматику
142,2017/04/29 6:17:54 PM GMT+3,овлв,20,2-3,базові дисципліни молодших курсів,до 13,6 і більше,"Так, але це не має відношення до дисциплін, які я викладаю","Чимось задоволений, чимось ні","Є, але не для всіх предметів",Інколи,Іноді оновлюю готові матеріали,"займаюся позакласною роботою з колегами та/або студентами;доповідаю на семінарах, тренінгах та онлайн-курсах",Частково забезпечує,,"Щось влаштовує, щось ні","Щось влаштовує, щось ні",диплом - формальне підтвердження знань,Повністю не задоволений,Важко відповісти,Важко відповісти,Хочу отримати науковий ступінь,,
